id_transacao;escore_risco;desfecho;valor;cliente
TX-100000;426;0;90,96;CLI-02426
TX-100001;428;aprovada;721,73;CLI-02025
TX-100002;456;0;1.954,78;CLI-00525
TX-100003;687;0;234,34;CLI-02225
TX-100004;481;aprovada;435,27;CLI-02688
TX-100005;439;0;254,20;CLI-02292
TX-100006;541;0;774,97;CLI-01476
TX-100007;641;aprovada;951,51;CLI-02218
TX-100008;677;aprovada;90,45;CLI-01852
TX-100009;747;0;142,12;CLI-02504
TX-100010;625;0;845,58;CLI-02657
TX-100011;558;aprovada;282,38;CLI-02759
TX-100012;562;aprovada;1.004,73;CLI-01893
TX-100013;140;aprovada;499,59;CLI-00095
TX-100014;572;0;301,10;CLI-02772
TX-100015;195;aprovada;208,15;CLI-01226
TX-100016;528;aprovada;146,97;CLI-00966
TX-100017;635;0;992,07;CLI-00836
TX-100018;577;aprovada;655,51;CLI-00706
TX-100019;731;chargeback;873,78;CLI-02115
TX-100020;613;0;158,86;CLI-02998
TX-100021;386;aprovada;860,24;CLI-02821
TX-100022;262;aprovada;2.529,86;CLI-01429
TX-100023;615;aprovada;328,79;CLI-01697
TX-100024;514;aprovada;228,79;CLI-00417
TX-100025;500;0;826,88;CLI-01034
TX-100026;841;0;75,71;CLI-01815
TX-100027;563;aprovada;678,94;CLI-02296
TX-100028;528;0;330,50;CLI-00697
TX-100029;392;aprovada;858,64;CLI-00190
TX-100030;603;0;211,78;CLI-00132
TX-100031;663;aprovada;215,03;CLI-02459
TX-100032;649;aprovada;954,06;CLI-02319
TX-100033;597;0;687,84;CLI-01427
TX-100034;428;0;148,90;CLI-00801
TX-100035;338;aprovada;2.121,55;CLI-02023
TX-100036;445;0;193,80;CLI-01246
TX-100037;445;0;1.188,53;CLI-00751
TX-100038;322;aprovada;762,89;CLI-00425
TX-100039;513;0;270,69;CLI-02492
TX-100040;532;0;443,22;CLI-00641
TX-100041;528;0;252,93;CLI-00729
TX-100042;556;0;276,59;CLI-01259
TX-100043;344;aprovada;3.292,43;CLI-01435
TX-100044;419;0;480,23;CLI-01401
TX-100045;504;aprovada;195,76;CLI-00375
TX-100046;533;0;166,64;CLI-01635
TX-100047;245;0;456,33;CLI-02026
TX-100048;718;aprovada;643,77;CLI-02160
TX-100049;582;0;482,08;CLI-01232
TX-100050;366;0;355,75;CLI-02904
TX-100051;416;0;475,18;CLI-00710
TX-100052;491;0;130,96;CLI-01424
TX-100053;747;aprovada;365,53;CLI-00718
TX-100054;462;aprovada;112,89;CLI-02481
TX-100055;349;aprovada;1.580,76;CLI-03000
TX-100056;633;aprovada;211,67;CLI-01123
TX-100057;425;aprovada;545,44;CLI-00455
TX-100058;461;0;152,87;CLI-00150
TX-100059;517;aprovada;215,10;CLI-00104
TX-100060;548;0;1.165,65;CLI-00363
TX-100061;511;0;469,06;CLI-01345
TX-100062;721;chargeback;899,77;CLI-00006
TX-100063;588;0;340,61;CLI-01778
TX-100064;701;0;378,19;CLI-00659
TX-100065;582;aprovada;142,59;CLI-02044
TX-100066;685;aprovada;859,98;CLI-01744
TX-100067;722;aprovada;1.131,29;CLI-00572
TX-100068;430;aprovada;233,21;CLI-02784
TX-100069;441;aprovada;2.172,80;CLI-02435
TX-100070;377;aprovada;451,35;CLI-01526
TX-100071;401;aprovada;1.077,50;CLI-01239
TX-100072;424;aprovada;224,28;CLI-00141
TX-100073;462;aprovada;667,38;CLI-00591
TX-100074;477;0;157,31;CLI-01350
TX-100075;426;0;400,20;CLI-01788
TX-100076;408;0;521,07;CLI-01464
TX-100077;826;0;519,38;CLI-01015
TX-100078;484;chargeback;70,74;CLI-01884
TX-100079;482;aprovada;175,45;CLI-01215
TX-100080;855;0;131,89;CLI-01695
TX-100081;415;aprovada;664,35;CLI-02055
TX-100082;467;aprovada;439,84;CLI-00790
TX-100083;517;0;849,41;CLI-00587
TX-100084;543;aprovada;266,66;CLI-01806
TX-100085;91;aprovada;490,29;CLI-00976
TX-100086;603;0;447,70;CLI-00887
TX-100087;493;aprovada;292,87;CLI-00735
TX-100088;487;aprovada;656,48;CLI-01794
TX-100089;388;aprovada;271,02;CLI-01438
TX-100090;544;aprovada;181,26;CLI-00102
TX-100091;474;0;545,57;CLI-02884
TX-100092;692;aprovada;171,91;CLI-00685
TX-100093;487;0;182,22;CLI-01194
TX-100094;499;0;1.009,99;CLI-01485
TX-100095;468;aprovada;1.314,61;CLI-02446
TX-100096;682;aprovada;1.335,97;CLI-02010
TX-100097;214;aprovada;77,44;CLI-01625
TX-100098;570;aprovada;358,25;CLI-02909
TX-100099;711;0;370,23;CLI-01970
TX-100100;745;aprovada;2.520,59;CLI-00853
TX-100101;566;0;356,82;CLI-00952
TX-100102;475;0;420,55;CLI-00597
TX-100103;390;0;382,17;CLI-02229
TX-100104;369;0;623,65;CLI-00689
TX-100105;344;0;984,34;CLI-00137
TX-100106;488;aprovada;542,87;CLI-02623
TX-100107;465;0;530,49;CLI-00279
TX-100108;617;0;394,24;CLI-01828
TX-100109;407;0;399,10;CLI-00837
TX-100110;290;0;744,30;CLI-01457
TX-100111;384;aprovada;240,90;CLI-00877
TX-100112;456;aprovada;108,44;CLI-01984
TX-100113;602;0;876,27;CLI-00205
TX-100114;798;aprovada;562,14;CLI-00561
TX-100115;317;0;1.683,90;CLI-02808
TX-100116;416;aprovada;117,97;CLI-00644
TX-100117;396;aprovada;1.562,61;CLI-00745
TX-100118;630;0;250,66;CLI-02711
TX-100119;323;aprovada;529,88;CLI-01802
TX-100120;624;0;784,28;CLI-02768
TX-100121;453;aprovada;521,31;CLI-01219
TX-100122;615;aprovada;372,20;CLI-00815
TX-100123;622;aprovada;144,82;CLI-00634
TX-100124;751;0;283,23;CLI-00234
TX-100125;458;aprovada;226,79;CLI-02274
TX-100126;364;aprovada;704,19;CLI-01568
TX-100127;435;0;1.976,24;CLI-01781
TX-100128;707;aprovada;542,39;CLI-01616
TX-100129;644;0;188,85;CLI-00622
TX-100130;578;aprovada;303,39;CLI-02943
TX-100131;460;aprovada;8.246,82;CLI-02396
TX-100132;418;aprovada;184,22;CLI-02605
TX-100133;693;0;264,40;CLI-00795
TX-100134;517;aprovada;471,16;CLI-02333
TX-100135;570;aprovada;935,40;CLI-02333
TX-100136;370;aprovada;340,50;CLI-02151
TX-100137;444;aprovada;299,33;CLI-00541
TX-100138;270;0;42,26;CLI-00360
TX-100139;508;0;190,50;CLI-00090
TX-100140;781;aprovada;243,65;CLI-01691
TX-100141;659;0;162,90;CLI-00393
TX-100142;600;0;704,37;CLI-02216
TX-100143;384;aprovada;327,98;CLI-01302
TX-100144;679;aprovada;209,23;CLI-01393
TX-100145;454;aprovada;289,69;CLI-02123
TX-100146;458;aprovada;306,37;CLI-01146
TX-100147;255;aprovada;448,26;CLI-00267
TX-100148;417;0;511,89;CLI-00910
TX-100149;581;aprovada;319,87;CLI-01940
TX-100150;514;0;987,12;CLI-01065
TX-100151;483;aprovada;425,14;CLI-02273
TX-100152;431;0;389,96;CLI-02856
TX-100153;301;aprovada;218,20;CLI-00724
TX-100154;487;0;351,21;CLI-02225
TX-100155;509;0;1.017,17;CLI-02839
TX-100156;682;0;390,88;CLI-00589
TX-100157;391;0;219,31;CLI-02114
TX-100158;382;0;828,12;CLI-01463
TX-100159;454;0;791,20;CLI-00519
TX-100160;384;aprovada;591,07;CLI-00496
TX-100161;350;aprovada;495,94;CLI-00920
TX-100162;538;0;97,99;CLI-00094
TX-100163;587;0;524,06;CLI-02996
TX-100164;425;0;1.455,73;CLI-01875
TX-100165;504;aprovada;4.764,98;CLI-00064
TX-100166;599;aprovada;878,76;CLI-01010
TX-100167;629;aprovada;5.769,71;CLI-02072
TX-100168;426;0;386,08;CLI-01200
TX-100169;427;0;188,71;CLI-01420
TX-100170;456;aprovada;264,77;CLI-01957
TX-100171;484;aprovada;160,02;CLI-01009
TX-100172;168;aprovada;180,43;CLI-02356
TX-100173;681;0;162,69;CLI-02578
TX-100174;715;0;3.130,31;CLI-02615
TX-100175;227;0;334,83;CLI-00320
TX-100176;375;aprovada;341,58;CLI-02508
TX-100177;470;aprovada;460,49;CLI-01145
TX-100178;404;0;295,67;CLI-01578
TX-100179;665;aprovada;252,63;CLI-01233
TX-100180;323;aprovada;1.380,81;CLI-01899
TX-100181;641;0;300,10;CLI-02069
TX-100182;396;aprovada;304,56;CLI-00019
TX-100183;560;aprovada;495,44;CLI-01017
TX-100184;504;0;366,02;CLI-02854
TX-100185;742;aprovada;777,90;CLI-02720
TX-100186;372;0;2.486,36;CLI-01993
TX-100187;693;aprovada;224,54;CLI-01466
TX-100188;395;aprovada;76,71;CLI-01959
TX-100189;761;0;1.269,75;CLI-02261
TX-100190;638;aprovada;373,27;CLI-02962
TX-100191;431;aprovada;773,53;CLI-01048
TX-100192;651;0;1.058,24;CLI-00376
TX-100193;456;0;190,03;CLI-02315
TX-100194;450;aprovada;955,57;CLI-00881
TX-100195;522;0;266,82;CLI-01412
TX-100196;213;0;210,45;CLI-01674
TX-100197;358;0;413,27;CLI-02182
TX-100198;594;0;174,55;CLI-00327
TX-100199;489;0;548,69;CLI-01763
TX-100200;694;aprovada;440,02;CLI-02474
TX-100201;483;aprovada;1.167,50;CLI-00891
TX-100202;491;0;360,49;CLI-01925
TX-100203;532;aprovada;708,21;CLI-00411
TX-100204;414;aprovada;211,71;CLI-01072
TX-100205;255;0;359,31;CLI-01585
TX-100206;347;aprovada;126,18;CLI-00722
TX-100207;648;0;163,11;CLI-01092
TX-100208;245;aprovada;75,36;CLI-01109
TX-100209;547;0;6.899,40;CLI-00820
TX-100210;566;aprovada;475,52;CLI-01197
TX-100211;560;0;580,66;CLI-01184
TX-100212;501;0;243,41;CLI-02581
TX-100213;693;0;319,58;CLI-02870
TX-100214;671;0;130,62;CLI-02691
TX-100215;351;aprovada;1.102,63;CLI-01992
TX-100216;520;aprovada;92,84;CLI-02748
TX-100217;313;aprovada;310,86;CLI-02328
TX-100218;412;0;312,16;CLI-02585
TX-100219;458;0;215,95;CLI-02829
TX-100220;786;0;140,56;CLI-02986
TX-100221;411;aprovada;148,92;CLI-01146
TX-100222;569;aprovada;239,95;CLI-00106
TX-100223;322;0;542,95;CLI-00494
TX-100224;419;0;629,34;CLI-00079
TX-100225;210;0;448,77;CLI-00553
TX-100226;200;aprovada;436,35;CLI-00030
TX-100227;573;0;698,11;CLI-02777
TX-100228;503;0;380,67;CLI-00235
TX-100229;538;0;346,48;CLI-01906
TX-100230;425;aprovada;1.261,67;CLI-02338
TX-100231;660;0;889,60;CLI-01344
TX-100232;602;aprovada;782,43;CLI-01812
TX-100233;468;0;887,74;CLI-01450
TX-100234;498;aprovada;721,99;CLI-00247
TX-100235;502;0;1.403,35;CLI-00229
TX-100236;674;0;390,41;CLI-01378
TX-100237;419;0;799,11;CLI-00712
TX-100238;454;aprovada;545,30;CLI-02954
TX-100239;280;0;212,22;CLI-01446
TX-100240;661;aprovada;318,81;CLI-01161
TX-100241;643;0;83,53;CLI-01594
TX-100242;214;aprovada;1.675,49;CLI-00457
TX-100243;321;0;95,95;CLI-01789
TX-100244;467;0;288,72;CLI-02045
TX-100245;398;0;256,87;CLI-01985
TX-100246;597;aprovada;314,18;CLI-00571
TX-100247;557;0;296,71;CLI-02441
TX-100248;314;aprovada;968,48;CLI-01901
TX-100249;570;0;224,43;CLI-02522
TX-100250;291;0;147,54;CLI-02907
TX-100251;632;aprovada;112,07;CLI-01961
TX-100252;525;0;1.072,80;CLI-02417
TX-100253;658;0;367,42;CLI-01220
TX-100254;604;chargeback;138,32;CLI-02829
TX-100255;108;0;274,64;CLI-01776
TX-100256;582;aprovada;128,64;CLI-02590
TX-100257;374;aprovada;612,60;CLI-00841
TX-100258;748;0;186,57;CLI-01916
TX-100259;658;aprovada;1.169,29;CLI-02525
TX-100260;369;0;613,01;CLI-00899
TX-100261;865;0;79,66;CLI-00017
TX-100262;236;aprovada;1.506,63;CLI-00770
TX-100263;441;aprovada;547,86;CLI-02845
TX-100264;703;0;915,59;CLI-02750
TX-100265;321;aprovada;548,67;CLI-02601
TX-100266;567;0;360,70;CLI-00924
TX-100267;713;aprovada;342,47;CLI-02734
TX-100268;446;aprovada;108,32;CLI-00132
TX-100269;617;0;395,97;CLI-02838
TX-100270;541;0;643,93;CLI-00372
TX-100271;685;aprovada;417,81;CLI-02928
TX-100272;695;0;553,58;CLI-00157
TX-100273;426;aprovada;227,95;CLI-01880
TX-100274;469;0;145,31;CLI-01788
TX-100275;470;0;331,56;CLI-01106
TX-100276;657;aprovada;181,89;CLI-00832
TX-100277;181;aprovada;186,26;CLI-00327
TX-100278;595;0;435,12;CLI-00486
TX-100279;500;aprovada;425,04;CLI-01885
TX-100280;668;0;444,61;CLI-00432
TX-100281;487;0;617,07;CLI-02937
TX-100282;460;0;740,86;CLI-00666
TX-100283;710;aprovada;91,16;CLI-01099
TX-100284;781;aprovada;391,11;CLI-02184
TX-100285;506;aprovada;1.069,54;CLI-02612
TX-100286;526;0;481,12;CLI-00574
TX-100287;187;0;1.932,34;CLI-00741
TX-100288;459;aprovada;430,53;CLI-00783
TX-100289;301;aprovada;385,28;CLI-01041
TX-100290;489;0;450,76;CLI-02672
TX-100291;567;aprovada;120,11;CLI-01249
TX-100292;498;aprovada;119,79;CLI-00421
TX-100293;840;0;3.374,32;CLI-02593
TX-100294;841;aprovada;169,93;CLI-01347
TX-100295;424;aprovada;1.974,10;CLI-02133
TX-100296;450;0;147,23;CLI-01053
TX-100297;535;0;760,92;CLI-00885
TX-100298;535;aprovada;388,19;CLI-01355
TX-100299;640;0;537,46;CLI-02444
TX-100300;549;0;723,44;CLI-02049
TX-100301;863;0;136,85;CLI-00274
TX-100302;57;0;999,39;CLI-01821
TX-100303;458;aprovada;359,40;CLI-00884
TX-100304;412;0;745,13;CLI-02097
TX-100305;426;aprovada;731,54;CLI-01741
TX-100306;412;0;3.790,90;CLI-02430
TX-100307;542;0;492,19;CLI-00127
TX-100308;402;aprovada;432,50;CLI-00356
TX-100309;413;0;461,48;CLI-00644
TX-100310;404;aprovada;283,01;CLI-01337
TX-100311;696;aprovada;758,46;CLI-02091
TX-100312;397;0;876,30;CLI-01507
TX-100313;546;0;323,88;CLI-00926
TX-100314;766;0;716,24;CLI-00073
TX-100315;449;aprovada;275,92;CLI-02639
TX-100316;653;aprovada;513,29;CLI-01637
TX-100317;537;1;179,92;CLI-01079
TX-100318;288;0;138,40;CLI-00953
TX-100319;597;aprovada;248,81;CLI-02969
TX-100320;151;aprovada;976,01;CLI-02344
TX-100321;593;aprovada;183,03;CLI-02497
TX-100322;540;aprovada;238,33;CLI-02416
TX-100323;518;aprovada;435,54;CLI-00819
TX-100324;468;aprovada;2.031,12;CLI-00143
TX-100325;405;0;297,79;CLI-02936
TX-100326;625;aprovada;163,47;CLI-02340
TX-100327;618;0;54,03;CLI-02972
TX-100328;340;0;553,29;CLI-02173
TX-100329;579;0;1.156,44;CLI-02544
TX-100330;601;0;729,30;CLI-02498
TX-100331;592;aprovada;1.039,18;CLI-02831
TX-100332;462;0;746,91;CLI-02542
TX-100333;451;0;157,96;CLI-01169
TX-100334;484;0;701,02;CLI-00089
TX-100335;528;0;320,69;CLI-01307
TX-100336;371;0;408,69;CLI-00969
TX-100337;576;0;1.151,57;CLI-00780
TX-100338;426;aprovada;290,84;CLI-02508
TX-100339;295;0;111,29;CLI-02314
TX-100340;589;0;250,59;CLI-00424
TX-100341;365;aprovada;1.018,67;CLI-01914
TX-100342;383;aprovada;1.162,26;CLI-00508
TX-100343;309;aprovada;357,57;CLI-02869
TX-100344;475;aprovada;667,87;CLI-00151
TX-100345;587;aprovada;383,64;CLI-00295
TX-100346;707;aprovada;1.138,73;CLI-02309
TX-100347;263;0;737,07;CLI-01863
TX-100348;499;aprovada;1.177,11;CLI-02806
TX-100349;529;0;228,24;CLI-02180
TX-100350;491;0;227,06;CLI-00285
TX-100351;569;0;216,64;CLI-00137
TX-100352;570;aprovada;502,16;CLI-01378
TX-100353;337;aprovada;167,21;CLI-00526
TX-100354;604;0;259,06;CLI-01480
TX-100355;537;0;169,88;CLI-02655
TX-100356;382;0;751,13;CLI-01534
TX-100357;322;0;351,22;CLI-02943
TX-100358;480;0;131,18;CLI-01731
TX-100359;417;0;659,89;CLI-00132
TX-100360;448;0;295,70;CLI-01084
TX-100361;366;aprovada;435,42;CLI-00483
TX-100362;567;0;1.295,14;CLI-00555
TX-100363;768;0;68,94;CLI-00360
TX-100364;762;0;176,74;CLI-00749
TX-100365;400;0;86,21;CLI-00630
TX-100366;563;aprovada;480,47;CLI-01784
TX-100367;713;aprovada;256,85;CLI-00043
TX-100368;657;aprovada;446,51;CLI-01635
TX-100369;426;aprovada;654,06;CLI-00236
TX-100370;436;0;738,73;CLI-02803
TX-100371;568;aprovada;102,64;CLI-02281
TX-100372;336;aprovada;52,17;CLI-00425
TX-100373;437;aprovada;1.848,42;CLI-02771
TX-100374;657;0;226,82;CLI-00915
TX-100375;642;0;78,08;CLI-00516
TX-100376;363;aprovada;313,71;CLI-00157
TX-100377;735;0;1.790,65;CLI-00924
TX-100378;393;0;516,04;CLI-00435
TX-100379;704;aprovada;1.542,24;CLI-00737
TX-100380;333;0;481,28;CLI-01118
TX-100381;380;aprovada;497,19;CLI-01919
TX-100382;742;0;368,41;CLI-01742
TX-100383;469;aprovada;865,59;CLI-01416
TX-100384;657;aprovada;336,31;CLI-01848
TX-100385;352;0;1.890,28;CLI-01784
TX-100386;433;0;2.032,03;CLI-01100
TX-100387;323;0;30,00;CLI-00534
TX-100388;295;aprovada;722,59;CLI-02296
TX-100389;695;aprovada;76,30;CLI-01256
TX-100390;601;0;101,55;CLI-01434
TX-100391;858;0;844,32;CLI-02291
TX-100392;740;aprovada;651,30;CLI-00903
TX-100393;556;aprovada;437,85;CLI-02583
TX-100394;349;0;297,21;CLI-00856
TX-100395;459;0;514,30;CLI-02433
TX-100396;563;aprovada;682,00;CLI-02391
TX-100397;401;0;248,49;CLI-00662
TX-100398;506;aprovada;4.183,64;CLI-02652
TX-100399;387;0;745,12;CLI-02632
TX-100400;442;0;1.197,65;CLI-02179
TX-100401;658;0;1.631,30;CLI-01111
TX-100402;663;aprovada;197,06;CLI-02572
TX-100403;516;aprovada;168,94;CLI-00691
TX-100404;308;aprovada;274,13;CLI-02181
TX-100405;379;aprovada;151,28;CLI-02040
TX-100406;365;0;319,03;CLI-00405
TX-100407;291;0;1.188,48;CLI-02839
TX-100408;683;aprovada;95,32;CLI-01771
TX-100409;725;aprovada;398,37;CLI-01018
TX-100410;679;aprovada;999,76;CLI-01349
TX-100411;473;aprovada;741,74;CLI-02374
TX-100412;482;0;809,84;CLI-00658
TX-100413;545;0;33,28;CLI-02181
TX-100414;550;aprovada;1.162,51;CLI-02387
TX-100415;727;0;412,28;CLI-00747
TX-100416;812;aprovada;561,40;CLI-00701
TX-100417;787;aprovada;61,53;CLI-02980
TX-100418;168;aprovada;415,99;CLI-01723
TX-100419;660;0;530,34;CLI-00953
TX-100420;600;aprovada;802,07;CLI-01262
TX-100421;501;aprovada;377,11;CLI-01276
TX-100422;317;0;412,72;CLI-02593
TX-100423;507;aprovada;111,14;CLI-01344
TX-100424;555;aprovada;187,46;CLI-01181
TX-100425;529;aprovada;149,02;CLI-00336
TX-100426;553;aprovada;353,75;CLI-00415
TX-100427;493;0;372,89;CLI-01204
TX-100428;622;aprovada;610,14;CLI-02599
TX-100429;393;aprovada;263,56;CLI-00095
TX-100430;239;aprovada;1.266,33;CLI-00996
TX-100431;403;0;414,02;CLI-01359
TX-100432;465;0;474,24;CLI-01992
TX-100433;483;aprovada;716,83;CLI-01736
TX-100434;643;aprovada;570,47;CLI-00645
TX-100435;472;0;131,17;CLI-01808
TX-100436;598;aprovada;426,01;CLI-02314
TX-100437;307;0;270,97;CLI-00822
TX-100438;489;0;886,75;CLI-02080
TX-100439;522;aprovada;368,19;CLI-02570
TX-100440;534;0;41,82;CLI-01974
TX-100441;433;aprovada;254,20;CLI-02179
TX-100442;643;0;682,19;CLI-00886
TX-100443;458;0;584,67;CLI-00458
TX-100444;324;aprovada;4.203,99;CLI-02960
TX-100445;556;0;130,36;CLI-01575
TX-100446;713;0;964,62;CLI-00576
TX-100447;630;0;291,63;CLI-02101
TX-100448;372;0;554,66;CLI-00677
TX-100449;547;aprovada;571,46;CLI-00200
TX-100450;497;0;601,83;CLI-00119
TX-100451;640;aprovada;376,12;CLI-02100
TX-100452;675;0;640,96;CLI-01492
TX-100453;588;0;410,60;CLI-00279
TX-100454;625;aprovada;180,04;CLI-01876
TX-100455;660;0;157,85;CLI-00730
TX-100456;454;0;299,52;CLI-02377
TX-100457;513;0;221,03;CLI-00841
TX-100458;459;aprovada;549,03;CLI-00367
TX-100459;550;aprovada;1.332,77;CLI-00127
TX-100460;495;aprovada;897,40;CLI-00785
TX-100461;682;aprovada;3.352,75;CLI-00225
TX-100462;443;0;69,38;CLI-02495
TX-100463;629;aprovada;1.367,98;CLI-02041
TX-100464;405;aprovada;94,74;CLI-01641
TX-100465;714;0;287,70;CLI-02271
TX-100466;404;aprovada;165,17;CLI-01915
TX-100467;391;0;858,89;CLI-00149
TX-100468;517;0;212,44;CLI-02980
TX-100469;865;aprovada;146,64;CLI-01327
TX-100470;373;aprovada;590,34;CLI-01842
TX-100471;559;0;609,01;CLI-00784
TX-100472;242;aprovada;887,83;CLI-00588
TX-100473;590;0;4.568,47;CLI-02346
TX-100474;415;0;922,41;CLI-01166
TX-100475;657;0;44,47;CLI-00610
TX-100476;715;0;266,55;CLI-02677
TX-100477;707;0;80,73;CLI-02036
TX-100478;815;0;632,57;CLI-00801
TX-100479;452;aprovada;759,86;CLI-02207
TX-100480;528;aprovada;186,70;CLI-02146
TX-100481;551;aprovada;2.108,99;CLI-02684
TX-100482;422;aprovada;443,62;CLI-02860
TX-100483;380;0;713,93;CLI-00166
TX-100484;804;0;175,43;CLI-02116
TX-100485;695;0;1.945,93;CLI-01227
TX-100486;513;aprovada;729,64;CLI-00399
TX-100487;580;aprovada;153,27;CLI-02021
TX-100488;301;0;3.117,86;CLI-01575
TX-100489;400;aprovada;4.304,64;CLI-00739
TX-100490;465;0;448,04;CLI-01132
TX-100491;467;aprovada;995,10;CLI-01579
TX-100492;429;aprovada;553,40;CLI-02429
TX-100493;593;0;1.175,23;CLI-02061
TX-100494;494;aprovada;91,18;CLI-01818
TX-100495;658;1;330,53;CLI-02088
TX-100496;605;aprovada;421,23;CLI-01585
TX-100497;517;0;202,69;CLI-01156
TX-100498;355;aprovada;650,31;CLI-00647
TX-100499;394;0;634,20;CLI-00067
TX-100500;254;0;349,14;CLI-01379
TX-100501;528;0;583,40;CLI-00684
TX-100502;559;0;425,79;CLI-00391
TX-100503;556;aprovada;442,49;CLI-01778
TX-100504;436;0;842,43;CLI-00182
TX-100505;367;aprovada;58,06;CLI-02797
TX-100506;443;0;1.931,09;CLI-01974
TX-100507;392;0;185,07;CLI-00150
TX-100508;518;aprovada;1.506,91;CLI-00295
TX-100509;470;aprovada;125,05;CLI-02891
TX-100510;431;0;192,13;CLI-00300
TX-100511;809;aprovada;138,77;CLI-01460
TX-100512;514;0;460,54;CLI-00798
TX-100513;723;aprovada;1.082,08;CLI-00496
TX-100514;679;0;142,52;CLI-01275
TX-100515;537;0;479,25;CLI-02774
TX-100516;533;0;223,57;CLI-00871
TX-100517;433;0;449,03;CLI-01419
TX-100518;442;aprovada;2.080,48;CLI-00041
TX-100519;589;aprovada;613,32;CLI-02406
TX-100520;689;aprovada;376,87;CLI-02948
TX-100521;249;aprovada;257,04;CLI-01209
TX-100522;622;0;234,27;CLI-01461
TX-100523;524;0;1.448,20;CLI-02208
TX-100524;626;aprovada;605,07;CLI-01014
TX-100525;512;aprovada;177,77;CLI-02859
TX-100526;822;1;431,84;CLI-02405
TX-100527;561;aprovada;391,92;CLI-01922
TX-100528;364;0;773,49;CLI-01706
TX-100529;572;0;641,29;CLI-01980
TX-100530;776;aprovada;255,38;CLI-02732
TX-100531;443;aprovada;385,05;CLI-01686
TX-100532;695;0;357,94;CLI-01739
TX-100533;560;0;385,19;CLI-01408
TX-100534;173;aprovada;1.605,35;CLI-02002
TX-100535;548;0;605,39;CLI-00817
TX-100536;614;0;662,82;CLI-01314
TX-100537;415;0;677,42;CLI-00380
TX-100538;760;0;750,78;CLI-00732
TX-100539;138;0;335,06;CLI-01802
TX-100540;464;aprovada;1.692,62;CLI-00602
TX-100541;457;0;203,03;CLI-01749
TX-100542;807;0;1.083,64;CLI-02440
TX-100543;562;aprovada;129,21;CLI-02375
TX-100544;330;aprovada;214,12;CLI-01478
TX-100545;479;0;651,89;CLI-02573
TX-100546;440;0;358,26;CLI-02129
TX-100547;495;aprovada;627,61;CLI-00675
TX-100548;360;0;952,62;CLI-00994
TX-100549;346;0;170,58;CLI-00081
TX-100550;395;0;330,68;CLI-02722
TX-100551;736;0;587,53;CLI-00794
TX-100552;197;0;245,05;CLI-00420
TX-100553;508;0;496,28;CLI-01844
TX-100554;503;aprovada;206,79;CLI-00164
TX-100555;703;aprovada;496,42;CLI-02482
TX-100556;387;aprovada;314,31;CLI-01087
TX-100557;399;0;637,22;CLI-02817
TX-100558;442;0;52,98;CLI-02988
TX-100559;359;aprovada;313,47;CLI-00197
TX-100560;591;0;1.988,89;CLI-01234
TX-100561;670;0;670,61;CLI-02587
TX-100562;564;0;216,43;CLI-00314
TX-100563;440;0;515,94;CLI-00743
TX-100564;406;0;760,89;CLI-01295
TX-100565;477;0;344,30;CLI-02521
TX-100566;564;0;225,74;CLI-02542
TX-100567;464;0;639,92;CLI-00400
TX-100568;294;0;4.003,16;CLI-00354
TX-100569;578;aprovada;872,43;CLI-02929
TX-100570;383;0;86,33;CLI-02461
TX-100571;317;aprovada;560,98;CLI-02257
TX-100572;345;aprovada;116,97;CLI-01950
TX-100573;534;0;1.089,98;CLI-00359
TX-100574;742;0;559,00;CLI-02900
TX-100575;446;aprovada;488,91;CLI-00010
TX-100576;573;0;243,03;CLI-02245
TX-100577;673;0;371,68;CLI-00797
TX-100578;694;aprovada;840,29;CLI-01879
TX-100579;320;aprovada;1.362,53;CLI-00998
TX-100580;196;0;473,27;CLI-01134
TX-100581;533;aprovada;213,97;CLI-01775
TX-100582;534;0;130,13;CLI-02382
TX-100583;414;0;781,60;CLI-01955
TX-100584;420;0;154,43;CLI-02668
TX-100585;221;0;273,81;CLI-02058
TX-100586;130;0;418,77;CLI-00819
TX-100587;369;aprovada;290,92;CLI-01792
TX-100588;455;aprovada;643,60;CLI-01715
TX-100589;569;aprovada;761,24;CLI-01941
TX-100590;419;aprovada;3.787,94;CLI-01661
TX-100591;575;0;360,18;CLI-02272
TX-100592;208;0;642,24;CLI-01903
TX-100593;661;0;647,94;CLI-02650
TX-100594;455;0;179,09;CLI-01876
TX-100595;837;0;2.551,20;CLI-00914
TX-100596;589;0;312,19;CLI-00225
TX-100597;534;0;755,25;CLI-00244
TX-100598;458;0;771,27;CLI-00946
TX-100599;490;aprovada;1.816,19;CLI-02802
TX-100600;475;aprovada;358,34;CLI-01455
TX-100601;506;0;321,63;CLI-02120
TX-100602;375;0;2.604,35;CLI-01780
TX-100603;708;aprovada;176,30;CLI-00858
TX-100604;408;aprovada;578,36;CLI-00525
TX-100605;525;aprovada;352,82;CLI-01855
TX-100606;725;0;196,28;CLI-00720
TX-100607;366;aprovada;365,82;CLI-00634
TX-100608;380;0;878,34;CLI-00945
TX-100609;448;aprovada;105,70;CLI-02836
TX-100610;568;0;289,55;CLI-02585
TX-100611;404;aprovada;343,83;CLI-01841
TX-100612;317;0;237,90;CLI-00981
TX-100613;72;aprovada;19,00;CLI-01804
TX-100614;500;aprovada;157,35;CLI-00144
TX-100615;427;aprovada;396,67;CLI-01330
TX-100616;611;aprovada;385,80;CLI-01075
TX-100617;742;aprovada;300,66;CLI-02242
TX-100618;750;0;275,54;CLI-02968
TX-100619;404;aprovada;1.595,57;CLI-01136
TX-100620;432;aprovada;433,27;CLI-02927
TX-100621;335;0;551,08;CLI-01459
TX-100622;265;aprovada;313,84;CLI-02407
TX-100623;574;aprovada;599,09;CLI-01633
TX-100624;543;aprovada;265,68;CLI-00538
TX-100625;654;0;794,66;CLI-02105
TX-100626;373;aprovada;185,48;CLI-02666
TX-100627;623;aprovada;486,08;CLI-01948
TX-100628;411;aprovada;317,34;CLI-00280
TX-100629;482;aprovada;211,06;CLI-02532
TX-100630;468;aprovada;695,67;CLI-00624
TX-100631;446;aprovada;1.982,97;CLI-00775
TX-100632;460;0;329,80;CLI-00013
TX-100633;369;aprovada;571,22;CLI-00232
TX-100634;586;0;3.108,93;CLI-00740
TX-100635;646;aprovada;896,73;CLI-02667
TX-100636;487;aprovada;929,40;CLI-02348
TX-100637;464;0;1.209,75;CLI-01614
TX-100638;575;0;435,37;CLI-00720
TX-100639;566;0;273,55;CLI-03001
TX-100640;535;aprovada;315,87;CLI-01614
TX-100641;635;0;344,33;CLI-02463
TX-100642;525;0;218,20;CLI-01912
TX-100643;602;aprovada;396,80;CLI-00237
TX-100644;579;0;1.241,20;CLI-02296
TX-100645;361;0;677,12;CLI-00630
TX-100646;523;0;1.196,55;CLI-02301
TX-100647;565;aprovada;271,91;CLI-00011
TX-100648;434;aprovada;152,10;CLI-02782
TX-100649;666;aprovada;485,88;CLI-00901
TX-100650;564;aprovada;184,80;CLI-01544
TX-100651;610;aprovada;724,66;CLI-02239
TX-100652;506;0;766,81;CLI-00878
TX-100653;284;0;588,36;CLI-02020
TX-100654;187;aprovada;328,99;CLI-02805
TX-100655;585;0;658,44;CLI-02828
TX-100656;433;aprovada;766,57;CLI-01806
TX-100657;685;0;6.367,80;CLI-02735
TX-100658;584;0;444,29;CLI-01826
TX-100659;540;aprovada;534,44;CLI-01918
TX-100660;568;0;617,03;CLI-02204
TX-100661;782;aprovada;353,85;CLI-01512
TX-100662;266;0;307,78;CLI-02552
TX-100663;468;aprovada;715,76;CLI-00327
TX-100664;461;aprovada;669,43;CLI-02488
TX-100665;483;0;588,57;CLI-01627
TX-100666;452;aprovada;1.279,91;CLI-00669
TX-100667;396;aprovada;249,77;CLI-00849
TX-100668;499;0;822,71;CLI-01548
TX-100669;291;aprovada;377,03;CLI-00093
TX-100670;412;0;221,98;CLI-00079
TX-100671;586;aprovada;119,67;CLI-01718
TX-100672;256;aprovada;1.931,85;CLI-02020
TX-100673;543;0;485,00;CLI-01500
TX-100674;246;0;471,28;CLI-01356
TX-100675;559;0;284,85;CLI-01017
TX-100676;664;aprovada;402,37;CLI-02531
TX-100677;353;aprovada;3.244,79;CLI-00732
TX-100678;431;0;275,62;CLI-00049
TX-100679;331;0;467,49;CLI-02468
TX-100680;482;0;1.060,32;CLI-00366
TX-100681;625;aprovada;305,67;CLI-01029
TX-100682;334;0;166,60;CLI-00918
TX-100683;596;aprovada;118,36;CLI-00814
TX-100684;683;aprovada;102,84;CLI-00239
TX-100685;573;aprovada;716,53;CLI-01588
TX-100686;543;aprovada;96,88;CLI-01586
TX-100687;272;0;635,58;CLI-00574
TX-100688;727;chargeback;227,81;CLI-00905
TX-100689;423;aprovada;321,75;CLI-02186
TX-100690;463;aprovada;649,24;CLI-00971
TX-100691;588;aprovada;95,99;CLI-00751
TX-100692;318;0;226,88;CLI-01168
TX-100693;535;0;183,59;CLI-01350
TX-100694;433;0;183,19;CLI-01004
TX-100695;570;aprovada;380,47;CLI-02472
TX-100696;577;0;24,24;CLI-00434
TX-100697;383;aprovada;464,04;CLI-01295
TX-100698;586;0;2.025,30;CLI-00966
TX-100699;325;aprovada;84,82;CLI-01285
TX-100700;626;0;163,52;CLI-02605
TX-100701;517;aprovada;417,48;CLI-02373
TX-100702;607;0;913,99;CLI-02182
TX-100703;663;aprovada;1.447,95;CLI-02241
TX-100704;190;aprovada;488,55;CLI-00583
TX-100705;658;0;302,42;CLI-02863
TX-100706;405;aprovada;285,98;CLI-02206
TX-100707;508;aprovada;310,74;CLI-00246
TX-100708;399;0;680,77;CLI-02948
TX-100709;673;aprovada;277,16;CLI-02323
TX-100710;622;aprovada;418,97;CLI-01311
TX-100711;431;0;271,44;CLI-00250
TX-100712;447;aprovada;569,49;CLI-01047
TX-100713;435;aprovada;1.488,07;CLI-01880
TX-100714;495;aprovada;442,68;CLI-00958
TX-100715;534;aprovada;2.001,55;CLI-01356
TX-100716;461;aprovada;57,85;CLI-00821
TX-100717;447;aprovada;1.298,72;CLI-02673
TX-100718;455;0;228,86;CLI-00389
TX-100719;561;aprovada;816,12;CLI-02741
TX-100720;302;aprovada;408,93;CLI-01294
TX-100721;568;aprovada;291,37;CLI-02460
TX-100722;552;aprovada;491,58;CLI-00021
TX-100723;327;0;92,79;CLI-00401
TX-100724;508;0;143,84;CLI-01619
TX-100725;459;aprovada;1.191,96;CLI-02982
TX-100726;538;chargeback;1.189,43;CLI-00170
TX-100727;526;aprovada;75,49;CLI-01203
TX-100728;508;aprovada;83,73;CLI-01475
TX-100729;346;aprovada;875,63;CLI-02208
TX-100730;650;0;599,11;CLI-00466
TX-100731;570;aprovada;151,20;CLI-02709
TX-100732;510;0;276,72;CLI-01291
TX-100733;240;aprovada;897,71;CLI-01579
TX-100734;411;aprovada;489,04;CLI-02866
TX-100735;272;0;294,67;CLI-00683
TX-100736;475;aprovada;698,04;CLI-00003
TX-100737;485;aprovada;136,40;CLI-00590
TX-100738;738;aprovada;452,29;CLI-00938
TX-100739;560;aprovada;305,88;CLI-01802
TX-100740;360;0;82,54;CLI-02926
TX-100741;743;chargeback;401,50;CLI-00816
TX-100742;302;0;761,79;CLI-02843
TX-100743;453;aprovada;69,47;CLI-02959
TX-100744;756;0;207,20;CLI-01245
TX-100745;490;aprovada;404,26;CLI-02950
TX-100746;646;0;283,57;CLI-00301
TX-100747;706;0;1.427,02;CLI-02261
TX-100748;564;aprovada;243,74;CLI-02639
TX-100749;327;aprovada;229,24;CLI-00144
TX-100750;349;aprovada;619,88;CLI-01993
TX-100751;496;aprovada;621,84;CLI-00920
TX-100752;364;aprovada;2.593,19;CLI-02629
TX-100753;577;0;69,76;CLI-00725
TX-100754;492;0;620,91;CLI-02192
TX-100755;605;0;285,75;CLI-01936
TX-100756;451;aprovada;969,50;CLI-01046
TX-100757;574;aprovada;305,56;CLI-01017
TX-100758;557;0;293,02;CLI-01064
TX-100759;527;aprovada;333,12;CLI-00632
TX-100760;298;0;602,96;CLI-01344
TX-100761;287;aprovada;370,58;CLI-01648
TX-100762;400;0;217,94;CLI-01693
TX-100763;374;0;148,48;CLI-00738
TX-100764;560;aprovada;769,54;CLI-02284
TX-100765;555;aprovada;244,75;CLI-02164
TX-100766;513;0;600,77;CLI-01383
TX-100767;546;aprovada;801,13;CLI-02053
TX-100768;372;0;222,90;CLI-01786
TX-100769;506;aprovada;213,90;CLI-00034
TX-100770;470;0;333,16;CLI-01888
TX-100771;487;aprovada;1.182,64;CLI-02232
TX-100772;645;0;3.016,99;CLI-02584
TX-100773;430;0;788,18;CLI-01931
TX-100774;302;aprovada;125,88;CLI-00959
TX-100775;482;aprovada;452,16;CLI-01448
TX-100776;677;0;224,13;CLI-00485
TX-100777;503;aprovada;829,69;CLI-00658
TX-100778;598;aprovada;179,08;CLI-02938
TX-100779;398;0;62,89;CLI-02157
TX-100780;375;0;419,53;CLI-01067
TX-100781;293;0;785,36;CLI-01193
TX-100782;410;0;511,31;CLI-00860
TX-100783;736;0;485,72;CLI-00836
TX-100784;654;0;391,70;CLI-01578
TX-100785;330;0;127,59;CLI-02997
TX-100786;383;aprovada;1.593,96;CLI-02532
TX-100787;660;aprovada;1.438,99;CLI-00772
TX-100788;532;aprovada;205,81;CLI-00345
TX-100789;694;0;410,20;CLI-01443
TX-100790;592;0;260,85;CLI-02181
TX-100791;451;0;455,95;CLI-00225
TX-100792;538;aprovada;872,88;CLI-00481
TX-100793;379;0;741,15;CLI-00947
TX-100794;245;aprovada;1.330,19;CLI-02412
TX-100795;539;0;772,88;CLI-01177
TX-100796;432;0;283,47;CLI-02444
TX-100797;452;0;405,84;CLI-01529
TX-100798;527;0;1.553,94;CLI-00478
TX-100799;649;0;1.594,96;CLI-01617
TX-100800;551;0;167,49;CLI-02410
TX-100801;509;aprovada;324,03;CLI-01905
TX-100802;551;aprovada;780,89;CLI-00112
TX-100803;452;0;657,34;CLI-00210
TX-100804;517;0;140,96;CLI-01090
TX-100805;485;0;120,96;CLI-02606
TX-100806;502;0;1.436,86;CLI-01191
TX-100807;348;0;611,60;CLI-02147
TX-100808;475;0;395,40;CLI-01996
TX-100809;532;aprovada;50,34;CLI-01671
TX-100810;335;aprovada;2.247,30;CLI-00142
TX-100811;486;aprovada;80,94;CLI-00068
TX-100812;463;0;105,10;CLI-00361
TX-100813;377;aprovada;128,18;CLI-02065
TX-100814;382;0;923,77;CLI-03002
TX-100815;548;aprovada;148,83;CLI-01736
TX-100816;493;aprovada;326,92;CLI-00240
TX-100817;473;aprovada;1.637,09;CLI-01467
TX-100818;335;aprovada;457,67;CLI-02142
TX-100819;381;aprovada;836,97;CLI-00415
TX-100820;347;0;605,68;CLI-01639
TX-100821;621;0;1.676,09;CLI-00195
TX-100822;667;aprovada;133,63;CLI-00377
TX-100823;490;0;148,26;CLI-00705
TX-100824;440;aprovada;316,86;CLI-02108
TX-100825;285;aprovada;168,84;CLI-02452
TX-100826;336;aprovada;184,33;CLI-01065
TX-100827;393;aprovada;496,47;CLI-01583
TX-100828;354;0;588,28;CLI-01437
TX-100829;730;aprovada;1.791,20;CLI-00639
TX-100830;499;aprovada;1.502,63;CLI-01300
TX-100831;453;aprovada;933,24;CLI-00491
TX-100832;407;aprovada;577,46;CLI-00759
TX-100833;578;aprovada;766,33;CLI-00985
TX-100834;238;aprovada;1.453,83;CLI-01515
TX-100835;600;aprovada;151,09;CLI-00115
TX-100836;564;aprovada;600,70;CLI-00983
TX-100837;547;0;207,15;CLI-00814
TX-100838;479;0;466,88;CLI-02087
TX-100839;544;aprovada;513,13;CLI-01918
TX-100840;495;aprovada;704,91;CLI-01054
TX-100841;279;0;581,90;CLI-02065
TX-100842;251;aprovada;1.160,67;CLI-01631
TX-100843;372;aprovada;90,57;CLI-01052
TX-100844;394;0;105,00;CLI-00481
TX-100845;685;0;165,62;CLI-01890
TX-100846;504;0;331,83;CLI-00340
TX-100847;518;0;671,93;CLI-01100
TX-100848;470;aprovada;732,96;CLI-00753
TX-100849;503;0;227,85;CLI-01117
TX-100850;533;aprovada;54,40;CLI-01129
TX-100851;467;aprovada;3.279,06;CLI-02983
TX-100852;386;0;170,18;CLI-02271
TX-100853;423;0;355,79;CLI-00396
TX-100854;720;aprovada;508,58;CLI-01690
TX-100855;447;aprovada;784,44;CLI-01924
TX-100856;656;0;464,77;CLI-01110
TX-100857;863;aprovada;562,56;CLI-01037
TX-100858;399;0;1.201,64;CLI-02436
TX-100859;705;aprovada;1.861,31;CLI-02099
TX-100860;371;0;167,43;CLI-00354
TX-100861;703;aprovada;529,55;CLI-01857
TX-100862;557;aprovada;92,89;CLI-02130
TX-100863;561;aprovada;1.313,17;CLI-02874
TX-100864;623;aprovada;379,15;CLI-00002
TX-100865;475;aprovada;156,12;CLI-02121
TX-100866;625;aprovada;574,09;CLI-01424
TX-100867;656;aprovada;1.596,51;CLI-00483
TX-100868;496;0;861,67;CLI-01851
TX-100869;501;aprovada;254,74;CLI-02292
TX-100870;422;aprovada;196,68;CLI-01181
TX-100871;523;0;1.489,74;CLI-01328
TX-100872;453;aprovada;198,92;CLI-01840
TX-100873;456;aprovada;335,81;CLI-01973
TX-100874;389;0;656,50;CLI-00176
TX-100875;567;0;977,18;CLI-00519
TX-100876;305;aprovada;352,80;CLI-00070
TX-100877;405;0;863,37;CLI-02578
TX-100878;387;0;906,70;CLI-01763
TX-100879;646;0;498,81;CLI-00097
TX-100880;499;aprovada;185,97;CLI-02426
TX-100881;695;aprovada;710,47;CLI-01421
TX-100882;376;aprovada;145,44;CLI-01119
TX-100883;174;aprovada;96,74;CLI-02327
TX-100884;461;aprovada;77,18;CLI-01699
TX-100885;540;0;1.290,69;CLI-02711
TX-100886;550;0;45,15;CLI-02995
TX-100887;769;aprovada;1.286,04;CLI-01491
TX-100888;569;aprovada;138,79;CLI-02362
TX-100889;438;0;578,18;CLI-01334
TX-100890;604;aprovada;130,45;CLI-02711
TX-100891;407;0;185,06;CLI-00842
TX-100892;356;0;238,77;CLI-01246
TX-100893;669;0;190,65;CLI-00855
TX-100894;544;0;851,28;CLI-00136
TX-100895;373;0;232,60;CLI-02740
TX-100896;584;0;326,65;CLI-00071
TX-100897;489;0;97,85;CLI-02788
TX-100898;402;aprovada;332,30;CLI-01293
TX-100899;565;aprovada;143,52;CLI-02888
TX-100900;477;0;124,14;CLI-02146
TX-100901;482;aprovada;763,93;CLI-01193
TX-100902;628;0;436,97;CLI-00025
TX-100903;515;aprovada;217,43;CLI-00557
TX-100904;363;0;294,00;CLI-02343
TX-100905;313;0;473,64;CLI-01319
TX-100906;558;0;491,44;CLI-00296
TX-100907;496;aprovada;239,55;CLI-01366
TX-100908;468;aprovada;675,34;CLI-00705
TX-100909;544;0;880,53;CLI-00641
TX-100910;449;aprovada;800,49;CLI-00998
TX-100911;557;aprovada;457,81;CLI-02429
TX-100912;419;aprovada;591,64;CLI-02811
TX-100913;556;0;347,16;CLI-02747
TX-100914;385;aprovada;740,63;CLI-02710
TX-100915;632;1;122,34;CLI-02023
TX-100916;415;aprovada;107,86;CLI-00938
TX-100917;314;aprovada;390,46;CLI-00190
TX-100918;421;0;985,53;CLI-01235
TX-100919;605;0;660,29;CLI-00894
TX-100920;375;0;243,88;CLI-01007
TX-100921;884;aprovada;138,57;CLI-00291
TX-100922;525;0;319,31;CLI-02163
TX-100923;431;aprovada;851,66;CLI-01106
TX-100924;633;aprovada;388,08;CLI-02451
TX-100925;762;0;171,76;CLI-01400
TX-100926;693;0;615,52;CLI-02013
TX-100927;419;0;98,23;CLI-02370
TX-100928;670;aprovada;697,61;CLI-00370
TX-100929;309;aprovada;171,20;CLI-01631
TX-100930;450;aprovada;1.531,12;CLI-02392
TX-100931;639;0;404,57;CLI-01747
TX-100932;751;0;282,97;CLI-01661
TX-100933;705;0;637,25;CLI-00203
TX-100934;486;aprovada;64,08;CLI-02725
TX-100935;507;0;137,70;CLI-00139
TX-100936;468;0;185,95;CLI-01027
TX-100937;423;aprovada;1.194,22;CLI-01858
TX-100938;232;0;525,17;CLI-02728
TX-100939;546;0;19,00;CLI-01803
TX-100940;583;0;1.472,45;CLI-01925
TX-100941;799;0;305,79;CLI-01959
TX-100942;616;aprovada;702,68;CLI-02641
TX-100943;510;aprovada;676,52;CLI-00264
TX-100944;708;aprovada;467,30;CLI-01522
TX-100945;535;0;426,48;CLI-00902
TX-100946;557;aprovada;176,07;CLI-01584
TX-100947;440;aprovada;529,42;CLI-01851
TX-100948;718;0;110,95;CLI-01464
TX-100949;431;0;508,33;CLI-01370
TX-100950;70;0;222,65;CLI-00076
TX-100951;744;chargeback;508,77;CLI-01337
TX-100952;517;0;88,32;CLI-02792
TX-100953;363;0;142,99;CLI-03009
TX-100954;388;aprovada;826,27;CLI-00457
TX-100955;452;aprovada;174,33;CLI-00917
TX-100956;410;aprovada;888,89;CLI-02338
TX-100957;487;aprovada;196,23;CLI-02221
TX-100958;297;0;728,00;CLI-00937
TX-100959;521;0;573,87;CLI-00136
TX-100960;439;0;592,54;CLI-00867
TX-100961;850;0;52,83;CLI-02561
TX-100962;370;aprovada;399,48;CLI-00902
TX-100963;455;aprovada;330,11;CLI-02821
TX-100964;749;0;1.068,72;CLI-01967
TX-100965;526;aprovada;199,16;CLI-01185
TX-100966;328;aprovada;458,10;CLI-00310
TX-100967;615;0;307,06;CLI-00617
TX-100968;422;0;183,27;CLI-02419
TX-100969;564;aprovada;373,57;CLI-00099
TX-100970;409;0;55,01;CLI-01339
TX-100971;392;0;301,61;CLI-02026
TX-100972;588;aprovada;583,31;CLI-00549
TX-100973;655;0;164,21;CLI-00256
TX-100974;248;0;207,75;CLI-02682
TX-100975;378;0;132,71;CLI-00595
TX-100976;390;0;1.084,80;CLI-00631
TX-100977;309;0;1.898,33;CLI-02144
TX-100978;386;aprovada;235,39;CLI-02165
TX-100979;647;aprovada;199,01;CLI-00479
TX-100980;368;aprovada;494,33;CLI-01585
TX-100981;529;0;1.248,43;CLI-01749
TX-100982;279;aprovada;963,94;CLI-02144
TX-100983;462;aprovada;401,17;CLI-02161
TX-100984;495;aprovada;1.506,63;CLI-00509
TX-100985;722;aprovada;523,96;CLI-01244
TX-100986;715;0;524,55;CLI-00359
TX-100987;481;0;704,50;CLI-01466
TX-100988;531;0;388,17;CLI-02575
TX-100989;341;0;459,15;CLI-00089
TX-100990;199;0;646,45;CLI-02799
TX-100991;562;0;136,40;CLI-00807
TX-100992;503;0;296,33;CLI-02283
TX-100993;495;0;1.642,39;CLI-02029
TX-100994;580;aprovada;1.142,31;CLI-01090
TX-100995;440;aprovada;767,45;CLI-02626
TX-100996;563;aprovada;869,84;CLI-00775
TX-100997;364;0;294,12;CLI-00606
TX-100998;464;0;286,64;CLI-02778
TX-100999;403;aprovada;182,82;CLI-02781
TX-101000;339;aprovada;105,86;CLI-01163
TX-101001;752;0;92,36;CLI-02264
TX-101002;445;aprovada;395,03;CLI-01031
TX-101003;369;0;508,17;CLI-00656
TX-101004;423;aprovada;281,85;CLI-01180
TX-101005;516;0;245,05;CLI-01119
TX-101006;543;0;344,63;CLI-01022
TX-101007;566;0;4.362,09;CLI-02887
TX-101008;378;0;848,80;CLI-01408
TX-101009;396;aprovada;304,30;CLI-02162
TX-101010;630;aprovada;618,73;CLI-01434
TX-101011;476;0;239,87;CLI-02786
TX-101012;360;0;45,81;CLI-02124
TX-101013;512;aprovada;189,12;CLI-01154
TX-101014;774;0;4.444,02;CLI-00363
TX-101015;494;0;53,22;CLI-02974
TX-101016;639;0;131,04;CLI-02022
TX-101017;465;0;193,34;CLI-02871
TX-101018;239;aprovada;641,16;CLI-00636
TX-101019;572;aprovada;148,96;CLI-00269
TX-101020;650;1;1.093,11;CLI-02743
TX-101021;553;0;848,64;CLI-01047
TX-101022;713;aprovada;468,77;CLI-00326
TX-101023;385;aprovada;449,11;CLI-02657
TX-101024;527;aprovada;1.356,95;CLI-02775
TX-101025;372;aprovada;697,37;CLI-00540
TX-101026;296;0;248,34;CLI-00771
TX-101027;404;0;203,75;CLI-02617
TX-101028;778;aprovada;501,23;CLI-00970
TX-101029;578;aprovada;1.062,28;CLI-02750
TX-101030;421;aprovada;108,57;CLI-00881
TX-101031;581;aprovada;506,80;CLI-01783
TX-101032;511;0;177,57;CLI-00920
TX-101033;490;0;664,89;CLI-02034
TX-101034;601;0;256,24;CLI-00785
TX-101035;591;0;1.656,62;CLI-01548
TX-101036;444;0;1.046,71;CLI-00619
TX-101037;470;aprovada;171,20;CLI-01439
TX-101038;838;0;177,66;CLI-01548
TX-101039;444;aprovada;1.097,55;CLI-01016
TX-101040;435;0;718,86;CLI-01399
TX-101041;391;aprovada;418,51;CLI-01451
TX-101042;541;0;1.345,59;CLI-00047
TX-101043;337;aprovada;345,21;CLI-01574
TX-101044;651;0;187,85;CLI-01974
TX-101045;735;0;1.204,99;CLI-00697
TX-101046;614;0;679,00;CLI-01884
TX-101047;610;0;861,16;CLI-02174
TX-101048;545;aprovada;363,99;CLI-01279
TX-101049;657;0;394,46;CLI-02675
TX-101050;622;0;596,06;CLI-02378
TX-101051;382;aprovada;849,07;CLI-01368
TX-101052;139;0;3.461,62;CLI-00588
TX-101053;212;0;1.185,23;CLI-02347
TX-101054;506;aprovada;489,95;CLI-01401
TX-101055;270;0;450,87;CLI-02801
TX-101056;521;aprovada;251,62;CLI-01108
TX-101057;423;0;323,59;CLI-01174
TX-101058;353;aprovada;793,37;CLI-00862
TX-101059;558;aprovada;1.431,33;CLI-02153
TX-101060;504;0;204,23;CLI-00664
TX-101061;520;0;124,77;CLI-00057
TX-101062;445;0;496,23;CLI-02090
TX-101063;647;0;757,68;CLI-01412
TX-101064;459;0;117,26;CLI-02290
TX-101065;442;0;111,47;CLI-01350
TX-101066;474;aprovada;355,06;CLI-02826
TX-101067;629;0;214,50;CLI-01807
TX-101068;242;aprovada;977,73;CLI-00140
TX-101069;572;aprovada;392,33;CLI-00944
TX-101070;270;0;177,27;CLI-02601
TX-101071;541;aprovada;107,02;CLI-02504
TX-101072;302;aprovada;959,30;CLI-01847
TX-101073;345;aprovada;146,47;CLI-00521
TX-101074;399;aprovada;840,48;CLI-02440
TX-101075;505;aprovada;355,90;CLI-00474
TX-101076;344;aprovada;382,10;CLI-02429
TX-101077;795;0;1.411,66;CLI-01177
TX-101078;550;aprovada;98,59;CLI-02313
TX-101079;398;0;223,40;CLI-02154
TX-101080;905;aprovada;800,52;CLI-02301
TX-101081;406;aprovada;1.854,06;CLI-00004
TX-101082;705;0;237,59;CLI-01017
TX-101083;546;0;368,95;CLI-01542
TX-101084;735;0;405,73;CLI-02171
TX-101085;353;0;634,56;CLI-02583
TX-101086;558;0;276,14;CLI-02686
TX-101087;620;aprovada;157,54;CLI-01151
TX-101088;493;aprovada;131,75;CLI-02060
TX-101089;447;0;2.052,48;CLI-00752
TX-101090;320;0;1.483,17;CLI-02914
TX-101091;355;aprovada;640,95;CLI-00943
TX-101092;380;aprovada;275,68;CLI-02826
TX-101093;676;aprovada;389,55;CLI-00621
TX-101094;590;aprovada;133,78;CLI-01625
TX-101095;453;0;421,76;CLI-00453
TX-101096;459;aprovada;856,52;CLI-00651
TX-101097;432;aprovada;734,75;CLI-01393
TX-101098;820;1;180,86;CLI-02275
TX-101099;619;0;843,94;CLI-01789
TX-101100;327;aprovada;500,14;CLI-00853
TX-101101;549;aprovada;990,52;CLI-00972
TX-101102;605;aprovada;1.725,12;CLI-00011
TX-101103;823;aprovada;235,39;CLI-00549
TX-101104;627;0;216,14;CLI-01697
TX-101105;537;aprovada;2.997,41;CLI-01690
TX-101106;559;0;361,75;CLI-02478
TX-101107;581;aprovada;369,98;CLI-02673
TX-101108;628;aprovada;84,36;CLI-00765
TX-101109;456;0;290,39;CLI-01883
TX-101110;378;0;34,18;CLI-01610
TX-101111;599;0;446,46;CLI-02528
TX-101112;541;aprovada;1.435,09;CLI-01588
TX-101113;562;aprovada;590,36;CLI-02748
TX-101114;581;0;294,25;CLI-00608
TX-101115;387;0;76,18;CLI-00496
TX-101116;423;0;1.082,60;CLI-00848
TX-101117;619;0;56,89;CLI-01241
TX-101118;612;0;1.300,14;CLI-01229
TX-101119;522;aprovada;91,75;CLI-00924
TX-101120;531;0;132,15;CLI-00359
TX-101121;596;0;360,04;CLI-01241
TX-101122;528;0;797,46;CLI-01872
TX-101123;619;0;193,02;CLI-01139
TX-101124;861;0;328,66;CLI-02896
TX-101125;660;aprovada;764,43;CLI-01283
TX-101126;622;aprovada;409,84;CLI-00038
TX-101127;359;aprovada;46,00;CLI-01832
TX-101128;500;aprovada;475,70;CLI-00035
TX-101129;471;aprovada;1.285,86;CLI-01192
TX-101130;672;0;356,51;CLI-01357
TX-101131;313;aprovada;2.011,94;CLI-01497
TX-101132;604;aprovada;743,36;CLI-00997
TX-101133;821;aprovada;1.713,29;CLI-01914
TX-101134;491;aprovada;190,86;CLI-02264
TX-101135;612;0;1.037,57;CLI-00732
TX-101136;355;0;298,14;CLI-02946
TX-101137;700;0;275,03;CLI-00939
TX-101138;395;aprovada;197,78;CLI-00740
TX-101139;228;0;832,44;CLI-01754
TX-101140;387;0;1.750,82;CLI-02027
TX-101141;421;0;199,51;CLI-01118
TX-101142;391;aprovada;120,27;CLI-02414
TX-101143;457;aprovada;323,77;CLI-02359
TX-101144;423;aprovada;295,70;CLI-00093
TX-101145;503;aprovada;660,55;CLI-02699
TX-101146;458;aprovada;303,91;CLI-02714
TX-101147;379;aprovada;309,34;CLI-01671
TX-101148;620;aprovada;964,77;CLI-02557
TX-101149;492;0;809,58;CLI-02762
TX-101150;467;0;2.312,67;CLI-00220
TX-101151;317;aprovada;186,18;CLI-02733
TX-101152;546;aprovada;701,05;CLI-00475
TX-101153;702;aprovada;107,17;CLI-02950
TX-101154;300;0;294,99;CLI-02234
TX-101155;212;0;189,83;CLI-00220
TX-101156;390;0;853,15;CLI-02728
TX-101157;598;0;303,18;CLI-01606
TX-101158;626;0;276,65;CLI-02020
TX-101159;576;0;297,82;CLI-02915
TX-101160;475;0;325,48;CLI-01981
TX-101161;538;0;358,60;CLI-02927
TX-101162;625;0;275,02;CLI-01879
TX-101163;717;aprovada;968,95;CLI-00009
TX-101164;586;0;1.024,30;CLI-02683
TX-101165;498;0;883,48;CLI-00083
TX-101166;477;aprovada;293,89;CLI-00249
TX-101167;382;0;77,72;CLI-00256
TX-101168;406;0;165,35;CLI-01337
TX-101169;519;0;112,04;CLI-00568
TX-101170;362;0;208,95;CLI-01352
TX-101171;323;0;622,19;CLI-02374
TX-101172;607;aprovada;362,68;CLI-02223
TX-101173;510;aprovada;39,36;CLI-02008
TX-101174;685;aprovada;219,91;CLI-00596
TX-101175;521;aprovada;424,72;CLI-00638
TX-101176;537;aprovada;1.544,48;CLI-00428
TX-101177;625;aprovada;267,54;CLI-01361
TX-101178;401;0;2.093,48;CLI-00853
TX-101179;586;aprovada;817,33;CLI-01712
TX-101180;593;0;609,00;CLI-00684
TX-101181;314;aprovada;542,90;CLI-02638
TX-101182;285;aprovada;878,74;CLI-02880
TX-101183;613;0;255,88;CLI-02232
TX-101184;431;aprovada;324,82;CLI-00313
TX-101185;452;aprovada;1.194,25;CLI-01080
TX-101186;631;0;458,52;CLI-02322
TX-101187;714;0;60,43;CLI-00186
TX-101188;553;0;278,32;CLI-02140
TX-101189;552;0;312,99;CLI-00151
TX-101190;482;aprovada;344,45;CLI-02721
TX-101191;551;aprovada;692,04;CLI-00727
TX-101192;621;aprovada;233,44;CLI-02369
TX-101193;500;0;269,23;CLI-00161
TX-101194;580;aprovada;511,45;CLI-00553
TX-101195;624;aprovada;209,25;CLI-02083
TX-101196;470;aprovada;70,64;CLI-02198
TX-101197;558;aprovada;165,94;CLI-01155
TX-101198;520;aprovada;1.761,00;CLI-01338
TX-101199;300;aprovada;420,54;CLI-01429
TX-101200;882;0;298,27;CLI-02054
TX-101201;737;aprovada;205,81;CLI-01784
TX-101202;485;aprovada;1.076,00;CLI-00912
TX-101203;385;aprovada;138,85;CLI-02231
TX-101204;303;0;305,56;CLI-01218
TX-101205;502;aprovada;149,96;CLI-00409
TX-101206;539;0;382,23;CLI-01352
TX-101207;407;aprovada;1.631,73;CLI-01955
TX-101208;487;aprovada;371,45;CLI-02341
TX-101209;635;aprovada;1.213,32;CLI-02619
TX-101210;341;0;315,00;CLI-01524
TX-101211;475;aprovada;253,49;CLI-02027
TX-101212;408;0;481,88;CLI-02624
TX-101213;267;0;294,24;CLI-00794
TX-101214;551;aprovada;265,15;CLI-01671
TX-101215;411;aprovada;1.601,14;CLI-00805
TX-101216;445;aprovada;305,33;CLI-02935
TX-101217;1000;1;1.345,55;CLI-01904
TX-101218;702;1;192,61;CLI-02610
TX-101219;166;0;205,23;CLI-00863
TX-101220;658;aprovada;160,84;CLI-02403
TX-101221;695;0;6.991,05;CLI-01342
TX-101222;664;aprovada;828,27;CLI-00838
TX-101223;552;aprovada;47,70;CLI-01317
TX-101224;685;0;239,19;CLI-01878
TX-101225;459;0;214,54;CLI-02585
TX-101226;497;aprovada;1.264,13;CLI-01517
TX-101227;309;aprovada;645,96;CLI-01175
TX-101228;331;aprovada;559,10;CLI-00704
TX-101229;355;0;305,53;CLI-02572
TX-101230;597;aprovada;347,30;CLI-02743
TX-101231;486;aprovada;2.846,07;CLI-00818
TX-101232;496;0;141,05;CLI-01374
TX-101233;711;aprovada;193,83;CLI-01701
TX-101234;372;0;268,32;CLI-00471
TX-101235;639;0;518,74;CLI-00975
TX-101236;446;0;1.727,16;CLI-01754
TX-101237;487;0;582,86;CLI-01340
TX-101238;736;aprovada;695,80;CLI-01682
TX-101239;522;aprovada;152,80;CLI-02112
TX-101240;580;aprovada;120,08;CLI-02175
TX-101241;456;aprovada;264,71;CLI-00078
TX-101242;594;0;1.314,52;CLI-01989
TX-101243;602;0;740,73;CLI-00380
TX-101244;534;aprovada;87,53;CLI-02165
TX-101245;493;aprovada;339,82;CLI-02981
TX-101246;545;aprovada;493,52;CLI-00517
TX-101247;386;0;350,12;CLI-00252
TX-101248;853;aprovada;306,56;CLI-00568
TX-101249;467;0;181,49;CLI-02701
TX-101250;552;0;336,21;CLI-02702
TX-101251;295;0;1.164,33;CLI-02179
TX-101252;338;aprovada;244,25;CLI-01183
TX-101253;433;aprovada;1.188,06;CLI-02738
TX-101254;669;0;580,49;CLI-00768
TX-101255;407;0;283,22;CLI-02163
TX-101256;225;aprovada;157,09;CLI-00355
TX-101257;437;aprovada;108,03;CLI-02762
TX-101258;342;aprovada;834,67;CLI-01110
TX-101259;288;aprovada;302,08;CLI-02131
TX-101260;615;aprovada;207,58;CLI-01274
TX-101261;561;aprovada;744,77;CLI-01347
TX-101262;366;aprovada;510,73;CLI-00827
TX-101263;345;0;457,81;CLI-02467
TX-101264;431;0;136,79;CLI-02989
TX-101265;443;1;668,19;CLI-02132
TX-101266;396;0;80,13;CLI-01238
TX-101267;310;aprovada;374,38;CLI-00801
TX-101268;675;0;4.509,68;CLI-01866
TX-101269;598;0;374,97;CLI-00887
TX-101270;602;aprovada;1.557,50;CLI-02870
TX-101271;428;aprovada;1.095,84;CLI-00006
TX-101272;392;aprovada;93,95;CLI-00449
TX-101273;609;0;83,14;CLI-01509
TX-101274;427;aprovada;1.652,31;CLI-01380
TX-101275;423;aprovada;534,23;CLI-02440
TX-101276;641;aprovada;1.212,28;CLI-02921
TX-101277;626;aprovada;140,95;CLI-01752
TX-101278;884;aprovada;640,41;CLI-01717
TX-101279;695;0;137,38;CLI-02889
TX-101280;716;0;2.215,41;CLI-02616
TX-101281;497;aprovada;277,04;CLI-02329
TX-101282;483;aprovada;126,52;CLI-02490
TX-101283;611;aprovada;360,27;CLI-01778
TX-101284;457;0;97,07;CLI-02649
TX-101285;573;aprovada;761,26;CLI-00633
TX-101286;255;aprovada;1.440,21;CLI-02635
TX-101287;296;aprovada;761,04;CLI-01458
TX-101288;636;0;56,22;CLI-01626
TX-101289;527;0;233,75;CLI-01100
TX-101290;463;aprovada;1.164,06;CLI-02785
TX-101291;707;0;609,33;CLI-02683
TX-101292;597;aprovada;459,17;CLI-00145
TX-101293;410;aprovada;301,13;CLI-00289
TX-101294;281;aprovada;438,06;CLI-02840
TX-101295;647;0;210,37;CLI-00669
TX-101296;611;0;296,05;CLI-02305
TX-101297;523;0;541,95;CLI-00140
TX-101298;666;0;335,43;CLI-00977
TX-101299;644;aprovada;574,88;CLI-00394
TX-101300;841;aprovada;575,81;CLI-02773
TX-101301;446;aprovada;126,51;CLI-00400
TX-101302;461;0;365,64;CLI-01941
TX-101303;532;aprovada;617,31;CLI-00231
TX-101304;741;aprovada;252,46;CLI-02339
TX-101305;262;aprovada;419,77;CLI-01610
TX-101306;453;0;951,96;CLI-00799
TX-101307;518;0;319,46;CLI-01199
TX-101308;507;0;274,94;CLI-01583
TX-101309;722;0;80,79;CLI-01851
TX-101310;535;aprovada;1.259,79;CLI-01619
TX-101311;327;aprovada;745,30;CLI-02276
TX-101312;771;aprovada;1.068,08;CLI-00366
TX-101313;373;aprovada;19,00;CLI-01536
TX-101314;670;0;122,75;CLI-01104
TX-101315;564;0;420,72;CLI-02851
TX-101316;600;0;547,21;CLI-00452
TX-101317;489;aprovada;64,70;CLI-02739
TX-101318;833;0;548,12;CLI-02120
TX-101319;266;aprovada;49,44;CLI-02766
TX-101320;270;0;551,64;CLI-01762
TX-101321;395;aprovada;101,80;CLI-00741
TX-101322;226;0;948,31;CLI-02350
TX-101323;574;0;397,48;CLI-00053
TX-101324;501;0;441,80;CLI-01455
TX-101325;621;aprovada;377,35;CLI-01013
TX-101326;583;aprovada;164,40;CLI-00205
TX-101327;410;aprovada;1.146,84;CLI-00285
TX-101328;436;aprovada;2.951,63;CLI-02880
TX-101329;508;0;277,74;CLI-00416
TX-101330;358;aprovada;262,47;CLI-01200
TX-101331;508;0;116,92;CLI-01992
TX-101332;397;aprovada;1.538,44;CLI-02282
TX-101333;489;aprovada;1.021,62;CLI-00776
TX-101334;613;aprovada;250,21;CLI-02837
TX-101335;573;aprovada;84,81;CLI-02371
TX-101336;650;aprovada;302,43;CLI-00115
TX-101337;520;0;576,70;CLI-01687
TX-101338;619;aprovada;395,71;CLI-02189
TX-101339;620;0;729,63;CLI-00704
TX-101340;258;0;690,36;CLI-02131
TX-101341;713;aprovada;1.563,42;CLI-00430
TX-101342;376;0;815,82;CLI-01668
TX-101343;771;0;237,11;CLI-01222
TX-101344;661;0;141,37;CLI-00645
TX-101345;505;0;123,44;CLI-00354
TX-101346;462;aprovada;256,39;CLI-00760
TX-101347;836;aprovada;596,23;CLI-02661
TX-101348;368;aprovada;1.690,44;CLI-00215
TX-101349;497;aprovada;78,92;CLI-01343
TX-101350;595;aprovada;236,59;CLI-00904
TX-101351;478;0;864,96;CLI-02410
TX-101352;300;aprovada;628,39;CLI-00241
TX-101353;542;aprovada;922,19;CLI-00441
TX-101354;440;aprovada;418,02;CLI-02894
TX-101355;205;aprovada;398,37;CLI-00744
TX-101356;520;0;124,01;CLI-02697
TX-101357;375;aprovada;305,14;CLI-02837
TX-101358;189;0;342,50;CLI-00640
TX-101359;452;aprovada;696,86;CLI-01423
TX-101360;334;aprovada;370,87;CLI-00735
TX-101361;597;aprovada;197,93;CLI-02153
TX-101362;480;0;542,44;CLI-01140
TX-101363;230;aprovada;190,61;CLI-01002
TX-101364;503;aprovada;481,68;CLI-02155
TX-101365;657;aprovada;55,96;CLI-00626
TX-101366;500;aprovada;183,07;CLI-02476
TX-101367;172;aprovada;226,22;CLI-00166
TX-101368;305;aprovada;2.538,75;CLI-00727
TX-101369;589;aprovada;325,36;CLI-01233
TX-101370;318;0;471,37;CLI-02072
TX-101371;679;0;702,15;CLI-00179
TX-101372;574;0;804,58;CLI-01311
TX-101373;854;chargeback;211,95;CLI-02346
TX-101374;365;0;195,32;CLI-02220
TX-101375;319;aprovada;60,25;CLI-02944
TX-101376;630;0;553,11;CLI-02090
TX-101377;413;0;380,03;CLI-00477
TX-101378;646;aprovada;370,56;CLI-01179
TX-101379;309;0;46,64;CLI-00008
TX-101380;316;0;977,66;CLI-00829
TX-101381;681;aprovada;989,27;CLI-02761
TX-101382;282;aprovada;180,09;CLI-00046
TX-101383;387;0;111,24;CLI-00213
TX-101384;502;1;214,70;CLI-00484
TX-101385;494;aprovada;288,90;CLI-01717
TX-101386;802;aprovada;480,97;CLI-00382
TX-101387;679;aprovada;302,62;CLI-00598
TX-101388;538;aprovada;171,80;CLI-02850
TX-101389;582;aprovada;308,27;CLI-01071
TX-101390;437;aprovada;750,22;CLI-01880
TX-101391;459;0;589,16;CLI-00794
TX-101392;602;aprovada;493,88;CLI-00801
TX-101393;402;0;99,68;CLI-00898
TX-101394;306;aprovada;684,07;CLI-00509
TX-101395;402;aprovada;2.812,55;CLI-02090
TX-101396;490;aprovada;140,40;CLI-00628
TX-101397;367;aprovada;217,89;CLI-00227
TX-101398;391;0;495,84;CLI-02984
TX-101399;352;aprovada;358,19;CLI-01406
TX-101400;285;aprovada;72,29;CLI-01177
TX-101401;501;aprovada;244,08;CLI-01654
TX-101402;341;0;460,70;CLI-02855
TX-101403;558;1;1.548,72;CLI-02495
TX-101404;411;aprovada;401,77;CLI-00518
TX-101405;304;aprovada;303,14;CLI-00037
TX-101406;681;aprovada;756,59;CLI-01241
TX-101407;834;aprovada;1.882,09;CLI-02200
TX-101408;660;0;215,86;CLI-00785
TX-101409;673;0;988,24;CLI-01707
TX-101410;464;aprovada;87,80;CLI-02160
TX-101411;697;1;906,29;CLI-00610
TX-101412;346;aprovada;2.325,38;CLI-01487
TX-101413;408;aprovada;278,48;CLI-00152
TX-101414;692;0;222,81;CLI-01002
TX-101415;567;0;189,33;CLI-02601
TX-101416;826;0;802,59;CLI-00065
TX-101417;493;0;249,48;CLI-01386
TX-101418;776;0;503,28;CLI-01097
TX-101419;482;0;93,53;CLI-01558
TX-101420;469;aprovada;31,24;CLI-02305
TX-101421;580;aprovada;809,70;CLI-00875
TX-101422;421;aprovada;57,03;CLI-00929
TX-101423;507;0;957,44;CLI-01956
TX-101424;486;aprovada;430,81;CLI-00833
TX-101425;506;0;151,74;CLI-02105
TX-101426;456;aprovada;180,07;CLI-00960
TX-101427;449;aprovada;83,34;CLI-02838
TX-101428;614;aprovada;718,81;CLI-02398
TX-101429;594;0;148,05;CLI-02997
TX-101430;728;0;105,72;CLI-01301
TX-101431;463;0;1.509,23;CLI-00783
TX-101432;564;aprovada;344,66;CLI-00968
TX-101433;345;aprovada;206,33;CLI-02074
TX-101434;527;aprovada;306,76;CLI-00627
TX-101435;213;aprovada;551,92;CLI-00467
TX-101436;258;aprovada;154,76;CLI-00422
TX-101437;509;0;122,46;CLI-01035
TX-101438;707;aprovada;256,93;CLI-00265
TX-101439;522;aprovada;349,41;CLI-01686
TX-101440;525;aprovada;401,64;CLI-01755
TX-101441;450;0;151,21;CLI-00350
TX-101442;434;aprovada;852,24;CLI-00742
TX-101443;522;0;414,61;CLI-01877
TX-101444;290;0;2.917,16;CLI-01069
TX-101445;369;0;349,55;CLI-01860
TX-101446;554;aprovada;1.029,41;CLI-00186
TX-101447;321;0;417,63;CLI-02720
TX-101448;625;aprovada;886,39;CLI-00958
TX-101449;768;aprovada;245,88;CLI-02832
TX-101450;635;aprovada;375,87;CLI-02148
TX-101451;510;0;305,22;CLI-00452
TX-101452;618;0;78,74;CLI-02077
TX-101453;450;aprovada;754,49;CLI-02725
TX-101454;802;aprovada;367,32;CLI-01682
TX-101455;670;0;1.343,14;CLI-00313
TX-101456;589;0;97,09;CLI-02382
TX-101457;476;0;316,47;CLI-00807
TX-101458;562;0;375,53;CLI-01412
TX-101459;437;aprovada;514,09;CLI-00174
TX-101460;356;0;646,69;CLI-00983
TX-101461;594;0;723,90;CLI-01904
TX-101462;563;aprovada;95,60;CLI-02268
TX-101463;420;aprovada;392,94;CLI-02678
TX-101464;471;0;103,44;CLI-00817
TX-101465;249;aprovada;180,83;CLI-00909
TX-101466;471;0;275,29;CLI-01701
TX-101467;757;aprovada;289,70;CLI-02208
TX-101468;465;aprovada;1.715,64;CLI-00712
TX-101469;696;0;456,57;CLI-00934
TX-101470;361;aprovada;249,71;CLI-01564
TX-101471;624;aprovada;1.607,28;CLI-02560
TX-101472;781;1;397,15;CLI-01282
TX-101473;328;0;56,45;CLI-00052
TX-101474;640;aprovada;146,61;CLI-00910
TX-101475;509;aprovada;52,01;CLI-00399
TX-101476;528;0;179,60;CLI-01499
TX-101477;503;aprovada;555,06;CLI-01296
TX-101478;747;0;397,25;CLI-00435
TX-101479;675;0;259,89;CLI-01543
TX-101480;631;0;129,22;CLI-01455
TX-101481;473;aprovada;225,14;CLI-01356
TX-101482;454;aprovada;1.355,27;CLI-01187
TX-101483;620;aprovada;952,10;CLI-00122
TX-101484;464;0;75,13;CLI-01477
TX-101485;511;aprovada;514,86;CLI-01502
TX-101486;576;0;365,31;CLI-01965
TX-101487;227;0;50,18;CLI-00220
TX-101488;474;0;1.710,12;CLI-01244
TX-101489;478;aprovada;220,24;CLI-02094
TX-101490;611;aprovada;197,23;CLI-01359
TX-101491;691;aprovada;415,90;CLI-01925
TX-101492;438;0;524,75;CLI-00101
TX-101493;430;aprovada;1.172,39;CLI-00688
TX-101494;598;aprovada;479,60;CLI-00548
TX-101495;533;aprovada;3.924,34;CLI-01318
TX-101496;690;0;841,93;CLI-02017
TX-101497;508;aprovada;333,73;CLI-02334
TX-101498;269;0;109,67;CLI-00318
TX-101499;454;aprovada;1.059,47;CLI-02927
TX-101500;387;aprovada;83,41;CLI-01053
TX-101501;499;aprovada;499,16;CLI-00981
TX-101502;510;0;1.310,31;CLI-02969
TX-101503;570;aprovada;172,55;CLI-00379
TX-101504;708;0;437,06;CLI-01683
TX-101505;659;0;426,33;CLI-02120
TX-101506;445;aprovada;270,89;CLI-00940
TX-101507;650;aprovada;601,43;CLI-02049
TX-101508;525;0;519,86;CLI-02378
TX-101509;673;0;68,98;CLI-00589
TX-101510;559;0;1.011,78;CLI-00959
TX-101511;504;0;664,04;CLI-01394
TX-101512;555;aprovada;979,77;CLI-01992
TX-101513;473;aprovada;225,12;CLI-00542
TX-101514;661;aprovada;516,20;CLI-02149
TX-101515;412;0;112,94;CLI-02553
TX-101516;592;0;212,61;CLI-00042
TX-101517;767;aprovada;237,65;CLI-02950
TX-101518;436;0;299,54;CLI-00000
TX-101519;576;0;685,49;CLI-01379
TX-101520;352;0;545,85;CLI-02245
TX-101521;457;aprovada;186,17;CLI-02106
TX-101522;355;aprovada;132,27;CLI-01827
TX-101523;507;0;730,14;CLI-01156
TX-101524;456;0;133,92;CLI-00779
TX-101525;571;0;205,71;CLI-00548
TX-101526;720;0;103,42;CLI-01538
TX-101527;438;aprovada;75,26;CLI-00632
TX-101528;763;aprovada;218,65;CLI-01518
TX-101529;214;0;339,91;CLI-00367
TX-101530;708;aprovada;254,86;CLI-02572
TX-101531;312;0;379,85;CLI-00114
TX-101532;402;aprovada;394,59;CLI-02195
TX-101533;299;aprovada;723,78;CLI-02709
TX-101534;343;aprovada;632,89;CLI-01818
TX-101535;306;aprovada;636,41;CLI-02802
TX-101536;542;0;402,78;CLI-01066
TX-101537;294;aprovada;326,20;CLI-01775
TX-101538;607;0;261,38;CLI-02234
TX-101539;688;aprovada;170,68;CLI-02719
TX-101540;439;aprovada;296,11;CLI-00816
TX-101541;339;0;255,16;CLI-00507
TX-101542;498;0;261,84;CLI-00513
TX-101543;384;0;245,02;CLI-00054
TX-101544;421;aprovada;573,69;CLI-00601
TX-101545;634;aprovada;161,50;CLI-02072
TX-101546;526;aprovada;670,51;CLI-01718
TX-101547;497;0;59,81;CLI-00367
TX-101548;582;0;414,92;CLI-01904
TX-101549;667;aprovada;1.664,62;CLI-02118
TX-101550;250;0;56,67;CLI-00898
TX-101551;400;0;694,43;CLI-00504
TX-101552;620;aprovada;290,67;CLI-02946
TX-101553;453;aprovada;330,66;CLI-02754
TX-101554;568;0;1.958,34;CLI-01787
TX-101555;336;0;675,12;CLI-00008
TX-101556;656;0;307,02;CLI-00123
TX-101557;733;aprovada;1.210,82;CLI-00724
TX-101558;425;aprovada;101,76;CLI-02936
TX-101559;488;aprovada;180,87;CLI-02570
TX-101560;491;0;556,28;CLI-00291
TX-101561;597;0;443,40;CLI-02022
TX-101562;515;aprovada;343,76;CLI-02349
TX-101563;345;0;557,65;CLI-01633
TX-101564;612;aprovada;530,40;CLI-00812
TX-101565;601;aprovada;239,16;CLI-02427
TX-101566;536;0;139,81;CLI-02960
TX-101567;350;0;890,50;CLI-00419
TX-101568;649;0;125,01;CLI-01896
TX-101569;640;0;409,23;CLI-00070
TX-101570;500;aprovada;202,88;CLI-01750
TX-101571;622;0;324,85;CLI-01753
TX-101572;475;aprovada;1.794,56;CLI-01822
TX-101573;492;aprovada;285,50;CLI-01410
TX-101574;351;aprovada;302,12;CLI-02002
TX-101575;823;aprovada;374,16;CLI-01682
TX-101576;458;0;1.106,31;CLI-01923
TX-101577;837;aprovada;787,84;CLI-02380
TX-101578;511;0;666,25;CLI-00663
TX-101579;686;aprovada;171,78;CLI-02076
TX-101580;852;0;63,46;CLI-02368
TX-101581;527;aprovada;334,99;CLI-02865
TX-101582;486;aprovada;498,34;CLI-01243
TX-101583;491;0;2.052,09;CLI-00850
TX-101584;532;0;147,11;CLI-01734
TX-101585;508;0;361,02;CLI-00437
TX-101586;488;aprovada;185,62;CLI-00690
TX-101587;551;aprovada;740,70;CLI-02298
TX-101588;432;aprovada;944,52;CLI-02820
TX-101589;518;0;522,47;CLI-01666
TX-101590;832;0;389,15;CLI-02103
TX-101591;611;0;469,96;CLI-01075
TX-101592;959;1;187,06;CLI-02783
TX-101593;343;aprovada;163,50;CLI-00167
TX-101594;270;0;478,29;CLI-02363
TX-101595;329;0;425,88;CLI-01161
TX-101596;711;chargeback;305,91;CLI-00061
TX-101597;547;0;1.465,10;CLI-02357
TX-101598;464;0;325,36;CLI-00245
TX-101599;711;aprovada;437,13;CLI-02700
TX-101600;491;aprovada;1.984,52;CLI-01918
TX-101601;499;0;1.389,92;CLI-01614
TX-101602;327;aprovada;205,82;CLI-02779
TX-101603;612;0;144,20;CLI-00270
TX-101604;738;0;2.128,18;CLI-00475
TX-101605;390;aprovada;856,60;CLI-01626
TX-101606;557;0;1.127,63;CLI-00272
TX-101607;601;0;4.558,18;CLI-02143
TX-101608;478;0;4.785,76;CLI-00774
TX-101609;745;aprovada;1.419,96;CLI-01242
TX-101610;560;aprovada;1.417,56;CLI-00869
TX-101611;560;aprovada;396,26;CLI-02007
TX-101612;286;0;238,14;CLI-00154
TX-101613;497;0;1.397,71;CLI-01123
TX-101614;337;aprovada;618,74;CLI-02588
TX-101615;350;aprovada;122,62;CLI-02369
TX-101616;618;aprovada;1.155,59;CLI-00446
TX-101617;577;aprovada;504,21;CLI-01391
TX-101618;303;0;255,42;CLI-00045
TX-101619;614;0;677,16;CLI-00864
TX-101620;190;0;875,50;CLI-02425
TX-101621;543;0;879,13;CLI-02068
TX-101622;431;0;673,76;CLI-02242
TX-101623;427;0;749,73;CLI-01923
TX-101624;441;aprovada;325,13;CLI-01822
TX-101625;434;aprovada;563,29;CLI-00110
TX-101626;316;0;172,13;CLI-02631
TX-101627;642;aprovada;2.557,32;CLI-00865
TX-101628;370;aprovada;133,80;CLI-00355
TX-101629;478;0;435,32;CLI-02996
TX-101630;495;0;883,59;CLI-00279
TX-101631;488;aprovada;887,99;CLI-02430
TX-101632;557;0;510,01;CLI-00477
TX-101633;639;aprovada;359,10;CLI-00209
TX-101634;566;aprovada;363,74;CLI-02223
TX-101635;294;aprovada;780,76;CLI-00404
TX-101636;494;0;222,64;CLI-01926
TX-101637;233;aprovada;2.789,40;CLI-00235
TX-101638;572;aprovada;617,79;CLI-00754
TX-101639;704;chargeback;154,93;CLI-01472
TX-101640;342;aprovada;1.501,93;CLI-00596
TX-101641;688;0;152,30;CLI-02724
TX-101642;593;aprovada;455,15;CLI-01397
TX-101643;491;0;80,02;CLI-02124
TX-101644;498;0;332,80;CLI-01794
TX-101645;396;aprovada;587,23;CLI-00198
TX-101646;582;aprovada;164,20;CLI-01446
TX-101647;481;0;356,97;CLI-00195
TX-101648;462;0;501,18;CLI-00374
TX-101649;309;0;571,16;CLI-02712
TX-101650;203;aprovada;130,10;CLI-00015
TX-101651;578;0;238,04;CLI-02143
TX-101652;422;0;358,71;CLI-02410
TX-101653;610;aprovada;173,64;CLI-00216
TX-101654;492;0;810,52;CLI-00049
TX-101655;486;aprovada;406,54;CLI-00757
TX-101656;489;0;391,69;CLI-01388
TX-101657;437;aprovada;155,38;CLI-01794
TX-101658;732;0;420,30;CLI-00590
TX-101659;600;0;472,89;CLI-00935
TX-101660;508;aprovada;819,45;CLI-00276
TX-101661;466;aprovada;827,97;CLI-00515
TX-101662;436;0;1.434,22;CLI-01580
TX-101663;593;0;782,17;CLI-02348
TX-101664;542;aprovada;1.984,82;CLI-02105
TX-101665;412;0;69,94;CLI-02983
TX-101666;494;0;303,56;CLI-01407
TX-101667;528;0;879,49;CLI-01597
TX-101668;387;aprovada;622,36;CLI-02179
TX-101669;402;aprovada;390,55;CLI-00720
TX-101670;285;aprovada;308,68;CLI-01032
TX-101671;461;aprovada;3.482,58;CLI-02830
TX-101672;677;0;264,26;CLI-00564
TX-101673;385;0;1.334,06;CLI-02219
TX-101674;642;aprovada;453,85;CLI-01376
TX-101675;337;aprovada;1.377,68;CLI-00242
TX-101676;543;aprovada;821,17;CLI-02145
TX-101677;484;0;209,13;CLI-01048
TX-101678;471;aprovada;162,18;CLI-01644
TX-101679;250;aprovada;2.989,20;CLI-00956
TX-101680;557;0;797,24;CLI-02035
TX-101681;590;0;2.150,57;CLI-00509
TX-101682;385;aprovada;897,75;CLI-01228
TX-101683;428;0;217,97;CLI-02304
TX-101684;662;0;1.647,66;CLI-02180
TX-101685;384;aprovada;95,30;CLI-01114
TX-101686;698;chargeback;537,28;CLI-00722
TX-101687;151;aprovada;308,14;CLI-01208
TX-101688;610;aprovada;311,26;CLI-00145
TX-101689;459;aprovada;1.167,01;CLI-00692
TX-101690;633;0;1.009,70;CLI-01464
TX-101691;719;0;242,16;CLI-00193
TX-101692;651;aprovada;175,48;CLI-00676
TX-101693;434;0;151,26;CLI-01158
TX-101694;502;0;390,99;CLI-02033
TX-101695;608;aprovada;149,55;CLI-01892
TX-101696;527;0;308,17;CLI-02816
TX-101697;396;aprovada;89,07;CLI-02560
TX-101698;240;aprovada;37,52;CLI-02333
TX-101699;605;aprovada;197,78;CLI-00080
TX-101700;694;0;189,92;CLI-01985
TX-101701;547;0;1.219,83;CLI-01758
TX-101702;586;aprovada;77,62;CLI-01050
TX-101703;652;0;811,34;CLI-00545
TX-101704;693;0;1.043,85;CLI-01384
TX-101705;427;0;912,41;CLI-01529
TX-101706;544;aprovada;346,45;CLI-00838
TX-101707;640;0;613,44;CLI-00810
TX-101708;698;0;518,03;CLI-00154
TX-101709;283;0;726,55;CLI-02140
TX-101710;0;0;72,36;CLI-01163
TX-101711;445;aprovada;781,37;CLI-01711
TX-101712;529;aprovada;399,09;CLI-02505
TX-101713;474;0;362,17;CLI-00427
TX-101714;436;aprovada;187,31;CLI-02099
TX-101715;480;0;231,36;CLI-02385
TX-101716;524;aprovada;155,53;CLI-02190
TX-101717;647;aprovada;6.199,02;CLI-02975
TX-101718;646;0;177,73;CLI-00596
TX-101719;769;0;208,86;CLI-00212
TX-101720;518;aprovada;280,11;CLI-01561
TX-101721;376;aprovada;843,65;CLI-00709
TX-101722;455;aprovada;642,41;CLI-00217
TX-101723;539;aprovada;480,82;CLI-02628
TX-101724;498;aprovada;4.462,72;CLI-01162
TX-101725;506;aprovada;292,74;CLI-00472
TX-101726;603;aprovada;534,00;CLI-01672
TX-101727;229;0;611,10;CLI-00890
TX-101728;578;0;136,30;CLI-02085
TX-101729;658;0;303,05;CLI-00213
TX-101730;342;0;565,94;CLI-01553
TX-101731;381;aprovada;119,06;CLI-00347
TX-101732;587;aprovada;263,66;CLI-01901
TX-101733;498;aprovada;117,16;CLI-00908
TX-101734;439;0;1.411,62;CLI-00247
TX-101735;827;aprovada;258,40;CLI-00657
TX-101736;636;aprovada;145,36;CLI-02413
TX-101737;326;0;386,43;CLI-02806
TX-101738;325;0;96,44;CLI-02331
TX-101739;568;aprovada;203,28;CLI-02659
TX-101740;430;aprovada;1.011,32;CLI-01544
TX-101741;367;aprovada;847,99;CLI-00276
TX-101742;639;0;3.122,13;CLI-02919
TX-101743;440;aprovada;304,31;CLI-01704
TX-101744;479;aprovada;105,14;CLI-02610
TX-101745;459;0;437,09;CLI-02213
TX-101746;551;0;510,11;CLI-01885
TX-101747;368;0;476,42;CLI-00676
TX-101748;639;0;140,44;CLI-02961
TX-101749;593;0;420,04;CLI-02526
TX-101750;475;aprovada;202,51;CLI-02828
TX-101751;477;0;82,83;CLI-02554
TX-101752;478;aprovada;223,40;CLI-00131
TX-101753;706;aprovada;482,67;CLI-01224
TX-101754;712;0;727,64;CLI-01709
TX-101755;496;0;271,61;CLI-00182
TX-101756;549;1;56,64;CLI-01330
TX-101757;645;aprovada;1.049,53;CLI-01110
TX-101758;528;0;482,30;CLI-02432
TX-101759;627;0;1.213,79;CLI-00800
TX-101760;510;aprovada;2.783,39;CLI-02036
TX-101761;253;0;203,93;CLI-01622
TX-101762;382;aprovada;825,16;CLI-01084
TX-101763;468;0;1.809,43;CLI-02750
TX-101764;642;aprovada;506,92;CLI-00744
TX-101765;416;aprovada;696,98;CLI-02327
TX-101766;453;0;1.340,79;CLI-00384
TX-101767;431;0;374,10;CLI-00487
TX-101768;559;0;97,62;CLI-01297
TX-101769;620;0;894,73;CLI-02557
TX-101770;456;aprovada;387,92;CLI-02412
TX-101771;591;aprovada;738,44;CLI-01890
TX-101772;733;1;121,16;CLI-00894
TX-101773;455;0;794,37;CLI-00523
TX-101774;446;aprovada;1.063,53;CLI-01997
TX-101775;553;0;74,37;CLI-00950
TX-101776;500;aprovada;97,80;CLI-02255
TX-101777;526;0;92,90;CLI-00088
TX-101778;513;aprovada;103,05;CLI-00607
TX-101779;451;aprovada;361,78;CLI-01992
TX-101780;428;aprovada;146,86;CLI-02240
TX-101781;517;0;717,54;CLI-01400
TX-101782;363;aprovada;108,49;CLI-01858
TX-101783;510;0;88,99;CLI-01061
TX-101784;803;aprovada;381,78;CLI-02669
TX-101785;401;0;191,27;CLI-02808
TX-101786;482;0;2.089,38;CLI-00001
TX-101787;289;aprovada;1.452,23;CLI-00015
TX-101788;310;0;569,77;CLI-00117
TX-101789;619;0;1.306,75;CLI-00999
TX-101790;459;aprovada;106,16;CLI-02276
TX-101791;288;aprovada;411,54;CLI-02970
TX-101792;237;0;36,96;CLI-02342
TX-101793;376;0;740,91;CLI-00686
TX-101794;408;0;35,98;CLI-02171
TX-101795;252;aprovada;896,58;CLI-02522
TX-101796;661;aprovada;106,05;CLI-00836
TX-101797;501;aprovada;182,13;CLI-01874
TX-101798;339;aprovada;484,61;CLI-02184
TX-101799;639;0;390,15;CLI-00395
TX-101800;414;aprovada;177,42;CLI-02207
TX-101801;448;aprovada;971,70;CLI-02203
TX-101802;554;0;54,76;CLI-02890
TX-101803;388;0;437,70;CLI-02474
TX-101804;680;aprovada;155,71;CLI-00463
TX-101805;382;0;83,85;CLI-03002
TX-101806;478;0;529,02;CLI-02836
TX-101807;562;0;779,63;CLI-00187
TX-101808;354;aprovada;889,19;CLI-00118
TX-101809;777;0;882,90;CLI-03004
TX-101810;434;aprovada;277,56;CLI-02108
TX-101811;353;0;1.672,15;CLI-01696
TX-101812;445;0;128,35;CLI-00903
TX-101813;524;0;85,24;CLI-00498
TX-101814;716;0;268,39;CLI-01934
TX-101815;397;0;174,61;CLI-01566
TX-101816;302;0;173,11;CLI-01093
TX-101817;405;0;584,76;CLI-02394
TX-101818;639;0;393,30;CLI-01539
TX-101819;582;aprovada;256,65;CLI-02513
TX-101820;348;0;453,93;CLI-00634
TX-101821;534;0;1.173,19;CLI-01302
TX-101822;554;0;1.967,44;CLI-00824
TX-101823;445;aprovada;930,44;CLI-01406
TX-101824;513;0;505,55;CLI-01795
TX-101825;584;aprovada;638,27;CLI-00117
TX-101826;444;aprovada;283,10;CLI-00372
TX-101827;559;0;749,31;CLI-00393
TX-101828;297;aprovada;2.110,00;CLI-02153
TX-101829;394;aprovada;867,44;CLI-01016
TX-101830;646;aprovada;201,71;CLI-02115
TX-101831;723;aprovada;1.539,40;CLI-01653
TX-101832;420;0;461,03;CLI-02413
TX-101833;582;0;1.087,12;CLI-00498
TX-101834;691;aprovada;89,73;CLI-02326
TX-101835;494;0;164,78;CLI-01483
TX-101836;496;aprovada;135,85;CLI-02869
TX-101837;440;0;424,26;CLI-00732
TX-101838;421;aprovada;617,74;CLI-00503
TX-101839;357;aprovada;1.122,28;CLI-02481
TX-101840;604;0;192,38;CLI-01310
TX-101841;320;aprovada;321,84;CLI-01575
TX-101842;525;aprovada;123,57;CLI-00260
TX-101843;478;0;483,29;CLI-00149
TX-101844;596;0;57,45;CLI-02633
TX-101845;459;aprovada;265,71;CLI-00164
TX-101846;307;aprovada;660,99;CLI-02690
TX-101847;474;0;325,73;CLI-00655
TX-101848;591;aprovada;406,49;CLI-02383
TX-101849;378;aprovada;177,79;CLI-01720
TX-101850;293;0;113,34;CLI-01019
TX-101851;356;aprovada;613,35;CLI-00832
TX-101852;436;aprovada;346,89;CLI-00429
TX-101853;239;0;483,96;CLI-02040
TX-101854;543;0;464,63;CLI-00078
TX-101855;485;aprovada;455,72;CLI-01552
TX-101856;640;0;93,66;CLI-00788
TX-101857;371;aprovada;1.085,87;CLI-00033
TX-101858;405;0;599,55;CLI-00768
TX-101859;510;aprovada;233,13;CLI-01750
TX-101860;759;chargeback;337,16;CLI-01980
TX-101861;357;aprovada;997,50;CLI-02509
TX-101862;448;0;80,28;CLI-02583
TX-101863;455;aprovada;402,57;CLI-00100
TX-101864;406;aprovada;361,85;CLI-01357
TX-101865;577;0;467,15;CLI-01058
TX-101866;362;aprovada;1.645,72;CLI-00110
TX-101867;477;0;459,65;CLI-00019
TX-101868;571;0;125,59;CLI-01880
TX-101869;753;aprovada;189,79;CLI-00652
TX-101870;569;aprovada;151,80;CLI-01814
TX-101871;434;0;296,38;CLI-01388
TX-101872;438;0;271,30;CLI-00956
TX-101873;613;aprovada;82,15;CLI-00694
TX-101874;631;0;2.908,99;CLI-01713
TX-101875;443;aprovada;1.834,83;CLI-01013
TX-101876;479;0;265,36;CLI-02710
TX-101877;547;0;792,08;CLI-03009
TX-101878;822;aprovada;141,88;CLI-01073
TX-101879;473;aprovada;1.037,53;CLI-02377
TX-101880;293;0;404,17;CLI-00350
TX-101881;486;0;370,99;CLI-01056
TX-101882;455;aprovada;32,14;CLI-02791
TX-101883;432;aprovada;889,28;CLI-00382
TX-101884;585;aprovada;484,65;CLI-02892
TX-101885;349;0;79,27;CLI-02895
TX-101886;512;0;241,02;CLI-00081
TX-101887;588;aprovada;753,28;CLI-01951
TX-101888;502;aprovada;172,16;CLI-02651
TX-101889;491;aprovada;871,60;CLI-02917
TX-101890;603;0;104,60;CLI-02432
TX-101891;869;aprovada;398,30;CLI-02494
TX-101892;467;aprovada;166,54;CLI-00420
TX-101893;287;aprovada;418,10;CLI-01711
TX-101894;443;aprovada;309,05;CLI-01111
TX-101895;556;0;1.219,69;CLI-01356
TX-101896;332;aprovada;400,22;CLI-01324
TX-101897;619;0;425,91;CLI-01758
TX-101898;232;0;72,98;CLI-00354
TX-101899;548;0;570,74;CLI-00466
TX-101900;563;0;92,25;CLI-01665
TX-101901;565;aprovada;130,03;CLI-01795
TX-101902;588;0;236,79;CLI-00794
TX-101903;488;0;470,55;CLI-02809
TX-101904;649;aprovada;253,21;CLI-00310
TX-101905;569;aprovada;765,32;CLI-02796
TX-101906;368;aprovada;250,08;CLI-01533
TX-101907;526;aprovada;311,53;CLI-02347
TX-101908;481;0;905,90;CLI-01856
TX-101909;540;0;2.150,46;CLI-01964
TX-101910;461;aprovada;565,20;CLI-02062
TX-101911;554;0;206,25;CLI-00856
TX-101912;609;0;94,73;CLI-00717
TX-101913;393;0;109,32;CLI-02620
TX-101914;502;0;279,63;CLI-01869
TX-101915;653;aprovada;592,27;CLI-02604
TX-101916;714;0;1.084,25;CLI-02283
TX-101917;546;aprovada;86,80;CLI-00014
TX-101918;397;0;331,97;CLI-02321
TX-101919;409;0;2.840,65;CLI-01561
TX-101920;268;aprovada;209,39;CLI-02360
TX-101921;426;aprovada;662,79;CLI-00145
TX-101922;525;aprovada;394,14;CLI-02637
TX-101923;553;aprovada;390,19;CLI-00713
TX-101924;535;aprovada;382,05;CLI-00951
TX-101925;738;aprovada;308,40;CLI-02889
TX-101926;480;aprovada;4.936,29;CLI-02469
TX-101927;552;aprovada;224,63;CLI-01187
TX-101928;391;aprovada;19,00;CLI-01913
TX-101929;438;aprovada;190,63;CLI-02505
TX-101930;550;aprovada;275,52;CLI-00281
TX-101931;377;aprovada;88,57;CLI-00979
TX-101932;600;aprovada;557,02;CLI-02999
TX-101933;556;aprovada;1.447,23;CLI-01551
TX-101934;563;aprovada;1.313,30;CLI-01164
TX-101935;748;aprovada;290,99;CLI-01126
TX-101936;674;aprovada;204,10;CLI-01467
TX-101937;404;aprovada;249,96;CLI-01261
TX-101938;663;1;300,52;CLI-03009
TX-101939;323;aprovada;1.496,41;CLI-01744
TX-101940;267;0;255,99;CLI-02210
TX-101941;718;0;170,87;CLI-02211
TX-101942;357;0;177,10;CLI-00526
TX-101943;596;aprovada;733,70;CLI-00945
TX-101944;851;0;2.230,21;CLI-00591
TX-101945;555;0;142,85;CLI-00534
TX-101946;820;aprovada;2.417,02;CLI-02963
TX-101947;535;aprovada;252,30;CLI-00975
TX-101948;637;aprovada;168,09;CLI-00476
TX-101949;274;0;392,44;CLI-01961
TX-101950;554;0;262,64;CLI-01369
TX-101951;687;0;212,45;CLI-00207
TX-101952;316;0;1.269,69;CLI-00118
TX-101953;694;aprovada;739,27;CLI-02075
TX-101954;341;0;198,97;CLI-02984
TX-101955;378;aprovada;124,53;CLI-02395
TX-101956;679;0;386,80;CLI-01620
TX-101957;382;0;234,68;CLI-00643
TX-101958;629;aprovada;378,00;CLI-00003
TX-101959;638;0;79,97;CLI-02067
TX-101960;543;chargeback;556,58;CLI-02597
TX-101961;457;0;321,44;CLI-02726
TX-101962;618;0;36,34;CLI-00803
TX-101963;498;aprovada;448,51;CLI-01007
TX-101964;176;0;1.101,11;CLI-02120
TX-101965;440;0;1.146,36;CLI-02404
TX-101966;364;aprovada;1.417,60;CLI-02338
TX-101967;471;aprovada;104,41;CLI-02123
TX-101968;493;0;234,45;CLI-00113
TX-101969;399;aprovada;2.132,19;CLI-01944
TX-101970;366;aprovada;83,47;CLI-01077
TX-101971;278;aprovada;404,06;CLI-00258
TX-101972;463;0;359,27;CLI-01291
TX-101973;291;aprovada;449,24;CLI-02786
TX-101974;242;0;1.726,96;CLI-00606
TX-101975;411;aprovada;428,62;CLI-01148
TX-101976;565;0;406,65;CLI-02852
TX-101977;508;aprovada;427,62;CLI-01202
TX-101978;490;aprovada;2.074,28;CLI-02489
TX-101979;312;0;151,14;CLI-00349
TX-101980;423;aprovada;844,35;CLI-01952
TX-101981;326;aprovada;2.525,55;CLI-02995
TX-101982;831;0;173,09;CLI-01813
TX-101983;603;0;868,94;CLI-01862
TX-101984;357;aprovada;627,67;CLI-02487
TX-101985;743;aprovada;427,29;CLI-00629
TX-101986;496;aprovada;101,13;CLI-00875
TX-101987;432;0;49,83;CLI-01472
TX-101988;312;0;296,72;CLI-02895
TX-101989;572;aprovada;104,44;CLI-02980
TX-101990;389;0;423,93;CLI-00350
TX-101991;449;aprovada;111,08;CLI-00558
TX-101992;484;0;241,45;CLI-01862
TX-101993;368;aprovada;916,93;CLI-02749
TX-101994;599;aprovada;426,13;CLI-01987
TX-101995;690;aprovada;1.215,00;CLI-01310
TX-101996;510;aprovada;473,01;CLI-02231
TX-101997;619;aprovada;468,20;CLI-00200
TX-101998;509;aprovada;1.052,50;CLI-00006
TX-101999;468;aprovada;1.258,37;CLI-00223
TX-102000;736;aprovada;318,10;CLI-01575
TX-102001;285;0;88,94;CLI-02278
TX-102002;524;0;52,36;CLI-00984
TX-102003;275;0;660,29;CLI-00579
TX-102004;602;0;1.039,60;CLI-02904
TX-102005;733;aprovada;438,59;CLI-02101
TX-102006;267;aprovada;234,81;CLI-01291
TX-102007;571;aprovada;1.290,28;CLI-00191
TX-102008;189;0;1.055,63;CLI-02125
TX-102009;208;aprovada;347,70;CLI-02112
TX-102010;670;aprovada;174,42;CLI-00812
TX-102011;477;aprovada;841,96;CLI-01223
TX-102012;504;aprovada;565,97;CLI-02404
TX-102013;610;aprovada;235,66;CLI-00614
TX-102014;579;aprovada;409,94;CLI-00900
TX-102015;402;0;166,40;CLI-02189
TX-102016;456;0;234,94;CLI-02533
TX-102017;532;aprovada;57,80;CLI-02010
TX-102018;554;0;1.046,69;CLI-00195
TX-102019;334;aprovada;385,13;CLI-00565
TX-102020;628;aprovada;72,35;CLI-01848
TX-102021;377;0;224,57;CLI-00457
TX-102022;324;aprovada;1.348,38;CLI-02806
TX-102023;305;aprovada;459,26;CLI-02725
TX-102024;516;aprovada;478,08;CLI-02130
TX-102025;710;0;194,83;CLI-00289
TX-102026;477;aprovada;162,35;CLI-01176
TX-102027;516;0;450,46;CLI-02317
TX-102028;348;0;129,36;CLI-01677
TX-102029;542;aprovada;1.020,73;CLI-00632
TX-102030;510;0;204,35;CLI-01089
TX-102031;331;aprovada;490,35;CLI-02742
TX-102032;521;aprovada;1.309,77;CLI-02493
TX-102033;63;aprovada;625,40;CLI-02179
TX-102034;651;aprovada;109,96;CLI-01546
TX-102035;650;aprovada;878,72;CLI-00886
TX-102036;665;0;348,59;CLI-00379
TX-102037;359;aprovada;284,52;CLI-00547
TX-102038;613;aprovada;9.589,68;CLI-01570
TX-102039;401;0;99,83;CLI-00612
TX-102040;375;0;312,06;CLI-00224
TX-102041;513;0;193,52;CLI-02433
TX-102042;296;aprovada;947,41;CLI-02385
TX-102043;479;aprovada;1.081,45;CLI-00669
TX-102044;602;0;229,91;CLI-02226
TX-102045;422;aprovada;409,95;CLI-02313
TX-102046;492;0;149,79;CLI-01722
TX-102047;523;aprovada;227,67;CLI-01348
TX-102048;481;aprovada;124,59;CLI-02581
TX-102049;538;aprovada;154,12;CLI-01680
TX-102050;432;0;1.269,98;CLI-02425
TX-102051;470;aprovada;638,17;CLI-01099
TX-102052;521;0;630,80;CLI-00776
TX-102053;683;aprovada;464,60;CLI-02155
TX-102054;560;aprovada;164,08;CLI-00186
TX-102055;633;0;232,76;CLI-02626
TX-102056;378;aprovada;203,02;CLI-02842
TX-102057;538;aprovada;237,61;CLI-02937
TX-102058;561;0;201,95;CLI-00272
TX-102059;602;0;1.729,09;CLI-01750
TX-102060;365;0;979,85;CLI-02821
TX-102061;386;0;366,07;CLI-02637
TX-102062;590;aprovada;116,40;CLI-00577
TX-102063;599;aprovada;503,12;CLI-01976
TX-102064;468;0;504,53;CLI-01594
TX-102065;595;aprovada;232,34;CLI-01088
TX-102066;875;aprovada;349,26;CLI-01802
TX-102067;530;0;449,82;CLI-02251
TX-102068;344;0;949,11;CLI-02001
TX-102069;508;0;318,36;CLI-01836
TX-102070;470;aprovada;520,62;CLI-00371
TX-102071;472;aprovada;602,81;CLI-02843
TX-102072;479;0;602,82;CLI-00875
TX-102073;406;aprovada;1.111,81;CLI-01081
TX-102074;354;aprovada;280,55;CLI-01425
TX-102075;656;aprovada;145,93;CLI-00283
TX-102076;615;aprovada;71,87;CLI-01322
TX-102077;533;0;225,67;CLI-02592
TX-102078;318;0;327,91;CLI-02958
TX-102079;615;0;31,17;CLI-00054
TX-102080;583;0;579,06;CLI-00903
TX-102081;403;aprovada;793,96;CLI-01008
TX-102082;566;aprovada;605,02;CLI-01158
TX-102083;544;aprovada;154,21;CLI-01336
TX-102084;437;0;204,54;CLI-02682
TX-102085;668;0;1.257,75;CLI-02371
TX-102086;793;aprovada;1.123,95;CLI-01894
TX-102087;552;0;26,59;CLI-02575
TX-102088;680;aprovada;1.557,96;CLI-02049
TX-102089;620;0;83,27;CLI-02867
TX-102090;642;aprovada;926,96;CLI-02794
TX-102091;779;aprovada;148,21;CLI-02437
TX-102092;641;aprovada;293,77;CLI-02959
TX-102093;476;0;321,19;CLI-02694
TX-102094;382;aprovada;1.187,95;CLI-02494
TX-102095;398;aprovada;375,60;CLI-02228
TX-102096;508;aprovada;1.113,36;CLI-02400
TX-102097;545;aprovada;81,27;CLI-00502
TX-102098;679;aprovada;199,08;CLI-02938
TX-102099;693;0;342,48;CLI-00114
TX-102100;597;0;444,76;CLI-00494
TX-102101;509;0;159,29;CLI-02343
TX-102102;129;aprovada;223,04;CLI-00737
TX-102103;573;0;240,30;CLI-00486
TX-102104;360;0;304,63;CLI-02045
TX-102105;512;aprovada;352,90;CLI-01426
TX-102106;550;0;709,57;CLI-02263
TX-102107;658;aprovada;476,81;CLI-00230
TX-102108;370;aprovada;821,41;CLI-01723
TX-102109;573;0;446,87;CLI-02917
TX-102110;449;aprovada;540,10;CLI-02968
TX-102111;842;aprovada;41,99;CLI-02935
TX-102112;587;aprovada;2.093,86;CLI-02746
TX-102113;436;0;571,24;CLI-00795
TX-102114;346;0;365,33;CLI-00100
TX-102115;572;0;1.043,30;CLI-01964
TX-102116;465;aprovada;1.974,99;CLI-01443
TX-102117;449;0;651,36;CLI-00193
TX-102118;620;0;363,41;CLI-00876
TX-102119;601;aprovada;942,38;CLI-00902
TX-102120;536;aprovada;384,32;CLI-00302
TX-102121;375;0;591,64;CLI-00817
TX-102122;698;0;558,94;CLI-00387
TX-102123;508;aprovada;1.005,31;CLI-00306
TX-102124;545;0;334,57;CLI-01921
TX-102125;400;0;500,63;CLI-00913
TX-102126;262;aprovada;132,86;CLI-02121
TX-102127;523;0;880,82;CLI-01818
TX-102128;644;aprovada;818,15;CLI-01039
TX-102129;448;0;394,91;CLI-00492
TX-102130;457;0;515,76;CLI-02185
TX-102131;307;0;1.725,64;CLI-01841
TX-102132;467;aprovada;230,02;CLI-02547
TX-102133;576;aprovada;1.274,95;CLI-01990
TX-102134;444;aprovada;372,86;CLI-02735
TX-102135;242;aprovada;290,79;CLI-01216
TX-102136;440;0;135,07;CLI-00671
TX-102137;359;0;92,20;CLI-01145
TX-102138;240;aprovada;1.167,67;CLI-02857
TX-102139;578;aprovada;2.999,99;CLI-02215
TX-102140;283;aprovada;56,82;CLI-00170
TX-102141;615;0;216,90;CLI-01543
TX-102142;706;0;488,96;CLI-01305
TX-102143;366;0;198,55;CLI-01277
TX-102144;500;aprovada;538,81;CLI-01665
TX-102145;383;aprovada;580,21;CLI-02196
TX-102146;572;aprovada;72,89;CLI-01490
TX-102147;334;0;167,90;CLI-02067
TX-102148;450;0;314,91;CLI-00458
TX-102149;383;aprovada;58,86;CLI-02148
TX-102150;386;0;92,80;CLI-01580
TX-102151;320;aprovada;187,74;CLI-00974
TX-102152;645;aprovada;540,57;CLI-02519
TX-102153;538;0;124,47;CLI-02660
TX-102154;451;aprovada;534,40;CLI-01249
TX-102155;355;0;173,29;CLI-00118
TX-102156;520;0;399,02;CLI-00230
TX-102157;639;0;404,33;CLI-00921
TX-102158;573;aprovada;787,08;CLI-02550
TX-102159;523;aprovada;151,37;CLI-02420
TX-102160;905;aprovada;602,84;CLI-00776
TX-102161;497;aprovada;296,60;CLI-02781
TX-102162;639;aprovada;215,66;CLI-00694
TX-102163;305;0;471,94;CLI-01585
TX-102164;404;aprovada;457,72;CLI-02426
TX-102165;522;aprovada;450,63;CLI-01213
TX-102166;389;aprovada;2.700,60;CLI-02885
TX-102167;628;aprovada;1.732,42;CLI-01319
TX-102168;881;0;295,80;CLI-01536
TX-102169;474;aprovada;427,60;CLI-00340
TX-102170;389;0;203,61;CLI-00082
TX-102171;602;0;715,04;CLI-01546
TX-102172;784;0;215,02;CLI-02747
TX-102173;448;aprovada;580,77;CLI-02004
TX-102174;431;0;2.695,55;CLI-01069
TX-102175;519;0;320,60;CLI-00513
TX-102176;403;0;992,70;CLI-00720
TX-102177;537;0;119,56;CLI-02178
TX-102178;400;aprovada;1.073,43;CLI-01594
TX-102179;127;aprovada;83,27;CLI-02873
TX-102180;577;0;782,54;CLI-01414
TX-102181;607;0;186,65;CLI-02687
TX-102182;594;0;239,61;CLI-01194
TX-102183;567;aprovada;234,56;CLI-01746
TX-102184;259;0;700,45;CLI-00497
TX-102185;522;aprovada;471,36;CLI-01366
TX-102186;322;0;43,84;CLI-02391
TX-102187;490;0;486,90;CLI-01719
TX-102188;327;aprovada;473,46;CLI-02488
TX-102189;531;0;875,95;CLI-00867
TX-102190;398;aprovada;177,45;CLI-01392
TX-102191;322;aprovada;617,37;CLI-02365
TX-102192;348;aprovada;240,14;CLI-02243
TX-102193;241;0;593,73;CLI-02968
TX-102194;428;0;1.005,78;CLI-01509
TX-102195;325;0;585,15;CLI-00358
TX-102196;323;0;133,73;CLI-01324
TX-102197;535;0;387,99;CLI-00482
TX-102198;550;0;1.034,83;CLI-02277
TX-102199;706;aprovada;1.748,84;CLI-00229
TX-102200;338;aprovada;334,27;CLI-02541
TX-102201;523;0;142,61;CLI-02688
TX-102202;579;aprovada;138,47;CLI-01213
TX-102203;491;0;849,88;CLI-02292
TX-102204;510;aprovada;88,71;CLI-00474
TX-102205;404;0;233,01;CLI-00269
TX-102206;651;aprovada;138,44;CLI-02664
TX-102207;591;0;318,10;CLI-01858
TX-102208;457;aprovada;1.387,75;CLI-00753
TX-102209;509;aprovada;1.227,10;CLI-00435
TX-102210;382;aprovada;231,49;CLI-02903
TX-102211;503;aprovada;1.519,05;CLI-00138
TX-102212;316;aprovada;2.728,56;CLI-02158
TX-102213;444;0;532,79;CLI-00956
TX-102214;588;0;82,48;CLI-02925
TX-102215;550;0;218,13;CLI-01595
TX-102216;288;aprovada;740,41;CLI-01768
TX-102217;407;0;230,45;CLI-02142
TX-102218;322;0;263,03;CLI-01062
TX-102219;358;0;343,56;CLI-00912
TX-102220;388;0;756,54;CLI-00119
TX-102221;547;0;130,48;CLI-01123
TX-102222;572;aprovada;97,74;CLI-01661
TX-102223;453;0;339,44;CLI-00317
TX-102224;411;aprovada;277,68;CLI-02723
TX-102225;404;0;1.169,62;CLI-01443
TX-102226;306;0;175,82;CLI-02786
TX-102227;432;aprovada;1.147,65;CLI-00040
TX-102228;327;0;1.635,93;CLI-02940
TX-102229;653;aprovada;128,35;CLI-01692
TX-102230;506;0;241,59;CLI-01307
TX-102231;525;0;391,64;CLI-02709
TX-102232;443;0;601,28;CLI-02679
TX-102233;448;aprovada;170,19;CLI-00986
TX-102234;746;0;378,19;CLI-01599
TX-102235;678;0;188,94;CLI-02772
TX-102236;550;0;997,80;CLI-01075
TX-102237;490;0;891,33;CLI-02527
TX-102238;657;aprovada;152,36;CLI-01645
TX-102239;331;0;355,92;CLI-00761
TX-102240;695;0;1.056,69;CLI-01320
TX-102241;673;0;191,63;CLI-02245
TX-102242;640;aprovada;460,88;CLI-02823
TX-102243;811;0;211,62;CLI-02423
TX-102244;538;aprovada;55,83;CLI-02818
TX-102245;441;aprovada;1.477,51;CLI-02860
TX-102246;482;aprovada;391,92;CLI-00283
TX-102247;626;0;449,89;CLI-00354
TX-102248;467;0;164,53;CLI-01978
TX-102249;326;0;622,87;CLI-00083
TX-102250;712;aprovada;244,56;CLI-02625
TX-102251;411;0;311,27;CLI-00951
TX-102252;444;aprovada;70,73;CLI-02565
TX-102253;549;0;725,28;CLI-02048
TX-102254;468;0;335,96;CLI-00948
TX-102255;417;aprovada;169,29;CLI-02725
TX-102256;609;aprovada;694,98;CLI-01850
TX-102257;828;aprovada;687,18;CLI-02154
TX-102258;391;0;1.531,72;CLI-01307
TX-102259;521;aprovada;1.161,16;CLI-01775
TX-102260;387;aprovada;306,70;CLI-01262
TX-102261;625;aprovada;264,88;CLI-01075
TX-102262;590;0;909,92;CLI-00867
TX-102263;441;aprovada;401,97;CLI-01667
TX-102264;300;0;86,67;CLI-01391
TX-102265;350;0;74,90;CLI-01925
TX-102266;522;aprovada;673,81;CLI-00193
TX-102267;494;0;304,72;CLI-01998
TX-102268;448;0;218,09;CLI-00501
TX-102269;274;0;1.674,23;CLI-01705
TX-102270;593;0;1.139,63;CLI-02370
TX-102271;716;0;161,82;CLI-00531
TX-102272;531;0;1.014,99;CLI-01260
TX-102273;557;0;303,30;CLI-01138
TX-102274;545;0;204,56;CLI-02288
TX-102275;474;aprovada;745,65;CLI-02960
TX-102276;453;0;1.098,48;CLI-00732
TX-102277;514;aprovada;434,71;CLI-02860
TX-102278;334;aprovada;194,51;CLI-02115
TX-102279;360;aprovada;143,74;CLI-00014
TX-102280;474;0;196,24;CLI-02600
TX-102281;482;0;164,82;CLI-00330
TX-102282;460;0;656,03;CLI-02529
TX-102283;441;0;248,49;CLI-01372
TX-102284;686;0;228,19;CLI-02068
TX-102285;736;0;585,75;CLI-00896
TX-102286;492;aprovada;283,21;CLI-02875
TX-102287;424;0;211,36;CLI-02676
TX-102288;459;aprovada;220,56;CLI-01364
TX-102289;393;aprovada;182,57;CLI-00106
TX-102290;363;0;115,61;CLI-01991
TX-102291;595;0;3.989,56;CLI-02367
TX-102292;576;0;531,95;CLI-01444
TX-102293;698;0;669,98;CLI-02294
TX-102294;508;0;1.298,51;CLI-02553
TX-102295;709;0;299,67;CLI-02199
TX-102296;671;0;148,98;CLI-02475
TX-102297;650;aprovada;60,21;CLI-02400
TX-102298;541;0;304,38;CLI-01618
TX-102299;269;0;149,43;CLI-01241
TX-102300;502;0;914,33;CLI-02483
TX-102301;359;aprovada;1.054,49;CLI-02046
TX-102302;441;aprovada;1.628,88;CLI-00402
TX-102303;472;aprovada;281,05;CLI-02498
TX-102304;542;0;673,24;CLI-02407
TX-102305;626;aprovada;98,48;CLI-00862
TX-102306;573;aprovada;370,07;CLI-01031
TX-102307;442;0;421,78;CLI-01123
TX-102308;497;aprovada;132,63;CLI-01402
TX-102309;690;aprovada;329,39;CLI-02352
TX-102310;766;aprovada;1.388,00;CLI-00103
TX-102311;356;aprovada;353,02;CLI-02750
TX-102312;487;0;345,85;CLI-00105
TX-102313;413;0;1.350,97;CLI-00113
TX-102314;307;aprovada;493,53;CLI-01262
TX-102315;563;aprovada;1.309,77;CLI-01369
TX-102316;785;aprovada;154,03;CLI-02797
TX-102317;261;aprovada;323,41;CLI-01946
TX-102318;651;0;1.356,48;CLI-01462
TX-102319;637;0;111,70;CLI-02208
TX-102320;584;aprovada;418,45;CLI-02638
TX-102321;639;0;444,06;CLI-00836
TX-102322;638;aprovada;627,92;CLI-02667
TX-102323;507;aprovada;91,98;CLI-00245
TX-102324;301;0;241,33;CLI-00114
TX-102325;639;0;299,72;CLI-01375
TX-102326;609;aprovada;1.250,87;CLI-01226
TX-102327;401;aprovada;393,06;CLI-00360
TX-102328;633;aprovada;345,29;CLI-00826
TX-102329;459;0;574,79;CLI-02596
TX-102330;237;0;785,95;CLI-02736
TX-102331;382;0;147,29;CLI-01411
TX-102332;211;aprovada;3.081,18;CLI-01348
TX-102333;559;0;101,63;CLI-00564
TX-102334;492;0;431,91;CLI-02114
TX-102335;520;0;370,85;CLI-02684
TX-102336;458;aprovada;953,44;CLI-02759
TX-102337;697;aprovada;665,31;CLI-01633
TX-102338;435;0;163,58;CLI-02138
TX-102339;451;aprovada;511,06;CLI-00948
TX-102340;403;aprovada;756,07;CLI-02129
TX-102341;524;aprovada;644,10;CLI-01043
TX-102342;522;0;637,78;CLI-00593
TX-102343;557;aprovada;744,51;CLI-02793
TX-102344;493;chargeback;1.712,89;CLI-01684
TX-102345;720;0;351,71;CLI-01329
TX-102346;533;0;420,95;CLI-00505
TX-102347;344;aprovada;708,94;CLI-01017
TX-102348;429;aprovada;161,47;CLI-00260
TX-102349;607;aprovada;408,22;CLI-02334
TX-102350;329;0;603,96;CLI-01351
TX-102351;508;aprovada;211,73;CLI-00092
TX-102352;622;aprovada;480,33;CLI-02427
TX-102353;884;0;201,37;CLI-01987
TX-102354;521;aprovada;4.634,78;CLI-01189
TX-102355;332;aprovada;106,70;CLI-02236
TX-102356;562;aprovada;248,93;CLI-02715
TX-102357;619;aprovada;458,38;CLI-02193
TX-102358;460;aprovada;1.695,47;CLI-00980
TX-102359;776;0;230,96;CLI-02549
TX-102360;603;aprovada;523,32;CLI-01355
TX-102361;655;aprovada;711,73;CLI-02739
TX-102362;461;0;179,38;CLI-00206
TX-102363;500;chargeback;441,98;CLI-02559
TX-102364;715;aprovada;1.210,34;CLI-01223
TX-102365;703;0;502,69;CLI-02865
TX-102366;474;0;1.081,82;CLI-02761
TX-102367;543;0;316,73;CLI-01630
TX-102368;459;0;508,84;CLI-02125
TX-102369;221;aprovada;118,36;CLI-01562
TX-102370;744;aprovada;566,46;CLI-01737
TX-102371;431;0;367,14;CLI-02402
TX-102372;713;0;1.259,49;CLI-01752
TX-102373;444;aprovada;246,60;CLI-00885
TX-102374;452;0;342,53;CLI-02127
TX-102375;546;aprovada;1.051,49;CLI-02981
TX-102376;803;aprovada;217,88;CLI-01592
TX-102377;636;aprovada;80,11;CLI-01760
TX-102378;526;aprovada;685,25;CLI-00136
TX-102379;514;0;159,63;CLI-02821
TX-102380;584;0;1.125,94;CLI-00301
TX-102381;432;aprovada;1.073,94;CLI-00419
TX-102382;827;1;440,40;CLI-00529
TX-102383;802;aprovada;1.644,66;CLI-02967
TX-102384;317;aprovada;95,37;CLI-02623
TX-102385;650;aprovada;522,11;CLI-01603
TX-102386;454;aprovada;336,33;CLI-02063
TX-102387;670;aprovada;282,82;CLI-00267
TX-102388;610;0;739,07;CLI-00247
TX-102389;432;aprovada;342,75;CLI-01319
TX-102390;602;aprovada;1.185,79;CLI-00104
TX-102391;502;aprovada;365,76;CLI-00947
TX-102392;352;0;116,50;CLI-02551
TX-102393;666;aprovada;282,74;CLI-01829
TX-102394;573;aprovada;864,19;CLI-01919
TX-102395;456;aprovada;141,84;CLI-01199
TX-102396;432;aprovada;1.328,42;CLI-02031
TX-102397;353;0;872,55;CLI-02762
TX-102398;266;aprovada;679,68;CLI-02154
TX-102399;786;aprovada;672,41;CLI-00815
TX-102400;260;aprovada;654,77;CLI-01673
TX-102401;645;0;126,07;CLI-02563
TX-102402;423;aprovada;1.092,76;CLI-02249
TX-102403;367;0;216,06;CLI-02369
TX-102404;641;0;158,07;CLI-02484
TX-102405;623;0;1.097,86;CLI-02281
TX-102406;493;0;352,01;CLI-00104
TX-102407;497;aprovada;388,39;CLI-02007
TX-102408;495;0;280,34;CLI-01146
TX-102409;275;0;118,21;CLI-00716
TX-102410;583;aprovada;140,79;CLI-02201
TX-102411;504;aprovada;299,87;CLI-02784
TX-102412;636;0;93,37;CLI-02974
TX-102413;828;aprovada;124,09;CLI-02379
TX-102414;342;0;566,01;CLI-02700
TX-102415;487;aprovada;102,55;CLI-00172
TX-102416;757;chargeback;149,75;CLI-00538
TX-102417;481;0;688,36;CLI-01935
TX-102418;607;aprovada;79,92;CLI-01621
TX-102419;669;chargeback;1.839,72;CLI-01969
TX-102420;501;0;306,23;CLI-02035
TX-102421;554;0;217,00;CLI-02589
TX-102422;343;0;250,12;CLI-01043
TX-102423;551;aprovada;255,70;CLI-02730
TX-102424;705;0;192,00;CLI-00345
TX-102425;581;aprovada;329,53;CLI-00165
TX-102426;373;0;864,76;CLI-01414
TX-102427;585;aprovada;330,71;CLI-02253
TX-102428;371;0;354,13;CLI-02611
TX-102429;604;aprovada;207,71;CLI-00070
TX-102430;595;aprovada;2.076,72;CLI-02605
TX-102431;700;aprovada;228,69;CLI-02107
TX-102432;698;0;380,15;CLI-00426
TX-102433;483;0;499,86;CLI-01466
TX-102434;522;0;1.092,48;CLI-02289
TX-102435;464;aprovada;2.397,16;CLI-00283
TX-102436;411;0;446,01;CLI-00698
TX-102437;600;aprovada;1.001,68;CLI-01414
TX-102438;848;aprovada;240,25;CLI-01205
TX-102439;606;0;505,70;CLI-02563
TX-102440;390;0;312,66;CLI-00656
TX-102441;199;0;324,75;CLI-02377
TX-102442;443;0;417,34;CLI-02603
TX-102443;517;aprovada;404,83;CLI-02660
TX-102444;312;aprovada;55,63;CLI-02514
TX-102445;508;0;2.930,53;CLI-02214
TX-102446;319;0;968,32;CLI-01851
TX-102447;652;0;5.893,57;CLI-02921
TX-102448;602;aprovada;224,78;CLI-01304
TX-102449;552;0;354,41;CLI-01325
TX-102450;694;aprovada;363,58;CLI-02718
TX-102451;314;0;1.343,97;CLI-01133
TX-102452;572;aprovada;124,89;CLI-00535
TX-102453;459;aprovada;124,29;CLI-02090
TX-102454;496;aprovada;303,49;CLI-01962
TX-102455;585;aprovada;1.219,60;CLI-02971
TX-102456;446;aprovada;73,63;CLI-01016
TX-102457;640;aprovada;535,81;CLI-02443
TX-102458;497;aprovada;327,47;CLI-02450
TX-102459;481;aprovada;106,72;CLI-01002
TX-102460;338;aprovada;1.266,31;CLI-02827
TX-102461;600;0;340,19;CLI-00278
TX-102462;422;aprovada;209,24;CLI-00146
TX-102463;565;aprovada;113,49;CLI-00039
TX-102464;353;aprovada;77,16;CLI-02963
TX-102465;678;0;1.479,46;CLI-00523
TX-102466;233;0;905,09;CLI-00243
TX-102467;455;0;201,45;CLI-02339
TX-102468;473;aprovada;822,05;CLI-01177
TX-102469;784;0;238,53;CLI-00716
TX-102470;532;0;905,13;CLI-01017
TX-102471;735;0;451,74;CLI-02300
TX-102472;536;0;77,83;CLI-00351
TX-102473;585;0;911,09;CLI-00429
TX-102474;516;0;1.037,13;CLI-02501
TX-102475;601;aprovada;275,16;CLI-02585
TX-102476;437;0;166,34;CLI-01284
TX-102477;768;aprovada;474,18;CLI-00178
TX-102478;696;aprovada;394,53;CLI-02936
TX-102479;657;0;116,67;CLI-01700
TX-102480;432;0;470,61;CLI-02642
TX-102481;793;0;220,82;CLI-03011
TX-102482;619;aprovada;2.103,56;CLI-00490
TX-102483;452;aprovada;277,67;CLI-02151
TX-102484;644;aprovada;182,56;CLI-00713
TX-102485;599;aprovada;2.145,66;CLI-02348
TX-102486;496;aprovada;263,41;CLI-00847
TX-102487;304;0;350,66;CLI-02664
TX-102488;575;aprovada;2.361,47;CLI-01812
TX-102489;264;aprovada;900,94;CLI-02581
TX-102490;373;0;366,46;CLI-02412
TX-102491;381;aprovada;738,90;CLI-00170
TX-102492;501;aprovada;270,98;CLI-01805
TX-102493;454;aprovada;590,47;CLI-02017
TX-102494;658;aprovada;563,68;CLI-00912
TX-102495;549;0;374,53;CLI-02287
TX-102496;321;0;268,11;CLI-01361
TX-102497;432;0;498,90;CLI-00930
TX-102498;682;aprovada;203,05;CLI-01505
TX-102499;595;aprovada;277,64;CLI-02674
TX-102500;339;aprovada;1.875,38;CLI-00328
TX-102501;437;0;646,01;CLI-00185
TX-102502;673;aprovada;480,36;CLI-01152
TX-102503;633;0;253,21;CLI-02514
TX-102504;343;0;161,65;CLI-00072
TX-102505;489;aprovada;748,91;CLI-02337
TX-102506;646;0;292,17;CLI-01603
TX-102507;405;0;214,08;CLI-00655
TX-102508;576;aprovada;242,80;CLI-00293
TX-102509;554;0;163,42;CLI-00916
TX-102510;527;chargeback;256,65;CLI-02751
TX-102511;358;0;684,26;CLI-02400
TX-102512;573;0;2.355,07;CLI-03008
TX-102513;529;aprovada;135,26;CLI-02400
TX-102514;339;aprovada;496,52;CLI-02762
TX-102515;447;0;858,44;CLI-01614
TX-102516;683;aprovada;496,51;CLI-00297
TX-102517;430;0;355,27;CLI-01807
TX-102518;783;0;304,16;CLI-02882
TX-102519;754;aprovada;7.776,20;CLI-02299
TX-102520;293;0;1.952,78;CLI-00814
TX-102521;561;0;1.025,47;CLI-00761
TX-102522;389;aprovada;802,80;CLI-00633
TX-102523;543;0;79,08;CLI-01173
TX-102524;666;aprovada;519,74;CLI-00874
TX-102525;610;aprovada;335,22;CLI-02605
TX-102526;725;aprovada;282,72;CLI-00606
TX-102527;714;0;627,79;CLI-01700
TX-102528;379;aprovada;139,70;CLI-02227
TX-102529;590;aprovada;987,60;CLI-00078
TX-102530;424;0;432,27;CLI-00124
TX-102531;753;chargeback;659,16;CLI-02077
TX-102532;361;aprovada;249,78;CLI-01844
TX-102533;680;0;115,68;CLI-01976
TX-102534;467;0;120,51;CLI-02436
TX-102535;502;0;585,61;CLI-00543
TX-102536;286;aprovada;215,10;CLI-02660
TX-102537;470;aprovada;136,16;CLI-00071
TX-102538;728;0;1.654,31;CLI-00381
TX-102539;293;aprovada;263,90;CLI-01708
TX-102540;441;0;509,07;CLI-01538
TX-102541;784;aprovada;73,57;CLI-00849
TX-102542;541;aprovada;50,31;CLI-03013
TX-102543;706;0;111,88;CLI-02596
TX-102544;509;0;273,15;CLI-00164
TX-102545;534;0;1.277,75;CLI-01424
TX-102546;536;aprovada;356,34;CLI-00661
TX-102547;623;aprovada;649,23;CLI-02795
TX-102548;671;0;1.233,61;CLI-01777
TX-102549;581;0;3.826,20;CLI-00054
TX-102550;345;aprovada;109,83;CLI-01332
TX-102551;667;1;412,33;CLI-01988
TX-102552;492;0;315,65;CLI-01445
TX-102553;829;0;99,61;CLI-01735
TX-102554;548;aprovada;817,82;CLI-01883
TX-102555;529;aprovada;522,55;CLI-00137
TX-102556;574;aprovada;199,12;CLI-02236
TX-102557;348;0;140,87;CLI-00782
TX-102558;378;aprovada;110,55;CLI-01379
TX-102559;341;aprovada;517,45;CLI-01886
TX-102560;406;0;205,18;CLI-00130
TX-102561;349;aprovada;1.450,50;CLI-00822
TX-102562;541;0;188,00;CLI-02309
TX-102563;258;0;420,23;CLI-01446
TX-102564;518;0;411,99;CLI-00916
TX-102565;607;aprovada;685,86;CLI-00159
TX-102566;591;0;177,70;CLI-01084
TX-102567;337;0;1.073,06;CLI-01126
TX-102568;748;aprovada;711,75;CLI-02646
TX-102569;738;aprovada;285,89;CLI-00775
TX-102570;432;0;386,13;CLI-01594
TX-102571;683;aprovada;172,13;CLI-01544
TX-102572;423;0;1.277,33;CLI-00101
TX-102573;338;0;69,81;CLI-01035
TX-102574;391;aprovada;286,90;CLI-02432
TX-102575;514;0;237,81;CLI-02569
TX-102576;379;aprovada;380,48;CLI-01560
TX-102577;628;aprovada;697,68;CLI-00578
TX-102578;612;aprovada;137,71;CLI-00109
TX-102579;662;aprovada;323,72;CLI-01485
TX-102580;811;aprovada;449,60;CLI-02264
TX-102581;601;aprovada;385,65;CLI-01435
TX-102582;599;aprovada;1.009,02;CLI-01757
TX-102583;383;aprovada;121,24;CLI-02715
TX-102584;415;aprovada;148,79;CLI-02720
TX-102585;504;aprovada;1.336,48;CLI-01586
TX-102586;476;0;380,65;CLI-02342
TX-102587;541;aprovada;529,51;CLI-00727
TX-102588;387;aprovada;717,92;CLI-01118
TX-102589;463;0;88,69;CLI-02334
TX-102590;595;0;155,21;CLI-01872
TX-102591;647;0;405,74;CLI-00083
TX-102592;591;0;673,33;CLI-00861
TX-102593;503;aprovada;1.085,50;CLI-02294
TX-102594;576;0;555,30;CLI-02366
TX-102595;404;0;128,43;CLI-01299
TX-102596;599;0;190,46;CLI-02497
TX-102597;490;0;1.359,22;CLI-01344
TX-102598;659;0;250,92;CLI-00520
TX-102599;452;0;785,34;CLI-02096
TX-102600;642;0;283,33;CLI-00632
TX-102601;298;aprovada;381,74;CLI-01449
TX-102602;402;0;153,06;CLI-01913
TX-102603;428;aprovada;1.038,48;CLI-02349
TX-102604;297;0;885,62;CLI-02309
TX-102605;578;aprovada;1.163,95;CLI-00393
TX-102606;400;0;557,41;CLI-01525
TX-102607;379;aprovada;265,80;CLI-00645
TX-102608;514;aprovada;970,78;CLI-00654
TX-102609;506;0;232,71;CLI-00126
TX-102610;231;aprovada;128,46;CLI-00790
TX-102611;421;0;527,89;CLI-01655
TX-102612;757;aprovada;263,78;CLI-03015
TX-102613;845;aprovada;99,90;CLI-02115
TX-102614;507;aprovada;56,00;CLI-01094
TX-102615;677;aprovada;620,20;CLI-01748
TX-102616;454;0;1.187,77;CLI-02587
TX-102617;659;0;373,55;CLI-02469
TX-102618;559;aprovada;398,49;CLI-02349
TX-102619;434;0;86,53;CLI-02365
TX-102620;797;aprovada;710,87;CLI-02960
TX-102621;444;0;343,84;CLI-03003
TX-102622;473;0;1.575,87;CLI-00578
TX-102623;483;0;536,07;CLI-01478
TX-102624;715;aprovada;296,76;CLI-01792
TX-102625;492;0;318,32;CLI-02181
TX-102626;366;aprovada;165,53;CLI-01584
TX-102627;615;0;70,73;CLI-01858
TX-102628;282;aprovada;869,85;CLI-00555
TX-102629;766;aprovada;925,68;CLI-01322
TX-102630;670;0;356,75;CLI-01585
TX-102631;425;0;318,81;CLI-00474
TX-102632;291;aprovada;379,56;CLI-02804
TX-102633;212;aprovada;183,27;CLI-02371
TX-102634;528;0;238,70;CLI-01886
TX-102635;451;aprovada;92,46;CLI-01740
TX-102636;349;aprovada;264,87;CLI-02001
TX-102637;350;aprovada;3.101,56;CLI-01420
TX-102638;537;0;204,86;CLI-00935
TX-102639;503;aprovada;574,36;CLI-02863
TX-102640;241;0;427,24;CLI-00705
TX-102641;364;aprovada;1.512,05;CLI-02302
TX-102642;327;aprovada;382,18;CLI-02100
TX-102643;548;aprovada;1.956,40;CLI-00091
TX-102644;437;0;204,10;CLI-01646
TX-102645;622;0;665,13;CLI-01772
TX-102646;648;aprovada;432,23;CLI-00498
TX-102647;567;aprovada;511,28;CLI-02532
TX-102648;369;0;353,91;CLI-01124
TX-102649;433;0;1.675,21;CLI-01896
TX-102650;388;0;785,35;CLI-00770
TX-102651;748;0;1.245,93;CLI-01760
TX-102652;663;aprovada;127,74;CLI-01595
TX-102653;346;0;396,19;CLI-00607
TX-102654;670;0;270,39;CLI-02776
TX-102655;165;0;460,43;CLI-02566
TX-102656;737;0;266,52;CLI-01018
TX-102657;401;0;1.517,84;CLI-00179
TX-102658;436;0;289,68;CLI-01870
TX-102659;796;0;559,75;CLI-00490
TX-102660;456;0;1.439,41;CLI-00947
TX-102661;534;0;221,92;CLI-00910
TX-102662;388;aprovada;168,10;CLI-01782
TX-102663;387;aprovada;270,55;CLI-02249
TX-102664;533;0;284,56;CLI-01231
TX-102665;312;aprovada;613,56;CLI-02066
TX-102666;438;1;526,69;CLI-02228
TX-102667;596;aprovada;1.634,00;CLI-02702
TX-102668;604;0;1.404,30;CLI-01153
TX-102669;780;aprovada;1.590,68;CLI-00081
TX-102670;531;aprovada;94,92;CLI-02389
TX-102671;635;aprovada;410,56;CLI-01833
TX-102672;514;0;205,08;CLI-00840
TX-102673;287;0;199,84;CLI-02220
TX-102674;520;0;177,87;CLI-02168
TX-102675;345;aprovada;523,57;CLI-00552
TX-102676;459;aprovada;145,95;CLI-00764
TX-102677;610;0;91,44;CLI-01847
TX-102678;449;0;246,86;CLI-00697
TX-102679;322;aprovada;42,01;CLI-01188
TX-102680;389;aprovada;705,49;CLI-01501
TX-102681;682;aprovada;264,42;CLI-02365
TX-102682;466;aprovada;242,04;CLI-01138
TX-102683;406;aprovada;674,28;CLI-02211
TX-102684;657;aprovada;259,61;CLI-02573
TX-102685;373;0;1.568,03;CLI-02452
TX-102686;453;0;1.052,58;CLI-01391
TX-102687;385;0;1.145,70;CLI-00557
TX-102688;367;0;153,49;CLI-01091
TX-102689;526;0;246,06;CLI-00241
TX-102690;586;0;315,12;CLI-02022
TX-102691;495;0;629,08;CLI-02576
TX-102692;528;0;644,13;CLI-00483
TX-102693;304;0;454,85;CLI-00125
TX-102694;638;aprovada;334,21;CLI-01496
TX-102695;585;0;1.138,87;CLI-02294
TX-102696;577;0;372,77;CLI-01182
TX-102697;238;aprovada;681,14;CLI-01865
TX-102698;257;aprovada;178,72;CLI-00087
TX-102699;418;0;790,98;CLI-00885
TX-102700;470;0;246,27;CLI-00029
TX-102701;412;0;209,25;CLI-01343
TX-102702;206;0;252,11;CLI-02287
TX-102703;288;0;926,33;CLI-01385
TX-102704;758;aprovada;158,63;CLI-00212
TX-102705;192;0;459,40;CLI-00340
TX-102706;508;0;195,43;CLI-00118
TX-102707;365;aprovada;120,02;CLI-01296
TX-102708;585;aprovada;661,60;CLI-02753
TX-102709;647;aprovada;424,57;CLI-01898
TX-102710;457;0;1.907,08;CLI-01621
TX-102711;690;0;93,92;CLI-02582
TX-102712;609;aprovada;239,05;CLI-00739
TX-102713;575;aprovada;209,38;CLI-02117
TX-102714;392;0;82,97;CLI-00163
TX-102715;311;0;272,93;CLI-00130
TX-102716;428;aprovada;256,36;CLI-00536
TX-102717;475;aprovada;298,75;CLI-01909
TX-102718;489;0;142,04;CLI-00862
TX-102719;548;0;491,06;CLI-02954
TX-102720;371;aprovada;1.619,16;CLI-01936
TX-102721;414;0;167,36;CLI-01066
TX-102722;482;aprovada;1.180,99;CLI-01723
TX-102723;568;aprovada;443,91;CLI-01976
TX-102724;647;aprovada;2.701,29;CLI-02349
TX-102725;369;0;163,08;CLI-00681
TX-102726;710;aprovada;420,71;CLI-02470
TX-102727;728;aprovada;98,83;CLI-02820
TX-102728;770;0;366,05;CLI-02193
TX-102729;355;0;236,10;CLI-01727
TX-102730;442;0;571,94;CLI-00788
TX-102731;254;0;236,01;CLI-01173
TX-102732;509;aprovada;553,09;CLI-00165
TX-102733;458;0;742,52;CLI-00009
TX-102734;785;aprovada;490,79;CLI-00396
TX-102735;506;0;404,23;CLI-01792
TX-102736;498;0;226,30;CLI-02058
TX-102737;522;0;885,64;CLI-01528
TX-102738;611;aprovada;2.194,45;CLI-01576
TX-102739;393;0;102,81;CLI-02106
TX-102740;274;0;137,27;CLI-00631
TX-102741;482;aprovada;332,82;CLI-01442
TX-102742;371;0;1.109,20;CLI-00694
TX-102743;391;aprovada;2.889,06;CLI-00096
TX-102744;596;aprovada;232,02;CLI-02926
TX-102745;819;0;358,21;CLI-00810
TX-102746;416;aprovada;503,91;CLI-00103
TX-102747;371;0;306,74;CLI-02244
TX-102748;406;0;1.464,20;CLI-02606
TX-102749;466;aprovada;120,46;CLI-00579
TX-102750;768;0;395,97;CLI-02689
TX-102751;423;0;1.195,37;CLI-02947
TX-102752;582;0;143,35;CLI-02493
TX-102753;565;0;197,38;CLI-02316
TX-102754;701;aprovada;196,92;CLI-00136
TX-102755;673;aprovada;471,26;CLI-00702
TX-102756;437;aprovada;85,13;CLI-02025
TX-102757;524;0;515,70;CLI-00727
TX-102758;402;0;915,73;CLI-01716
TX-102759;445;aprovada;1.413,32;CLI-02583
TX-102760;432;0;247,85;CLI-02955
TX-102761;595;0;337,17;CLI-02941
TX-102762;388;0;550,26;CLI-00512
TX-102763;316;0;157,72;CLI-00724
TX-102764;481;0;303,27;CLI-00267
TX-102765;509;aprovada;551,52;CLI-00751
TX-102766;635;aprovada;289,06;CLI-01332
TX-102767;316;0;1.223,98;CLI-00220
TX-102768;459;aprovada;72,07;CLI-00574
TX-102769;507;0;581,81;CLI-02479
TX-102770;525;0;1.345,28;CLI-00548
TX-102771;697;0;2.292,40;CLI-00793
TX-102772;565;aprovada;178,82;CLI-00266
TX-102773;774;aprovada;515,91;CLI-00054
TX-102774;584;aprovada;211,76;CLI-00807
TX-102775;429;0;487,06;CLI-01877
TX-102776;651;0;598,23;CLI-00689
TX-102777;601;0;436,34;CLI-00899
TX-102778;472;0;271,02;CLI-01247
TX-102779;672;aprovada;100,21;CLI-00459
TX-102780;700;aprovada;1.913,54;CLI-00081
TX-102781;690;0;390,14;CLI-03015
TX-102782;467;0;358,04;CLI-00550
TX-102783;465;aprovada;589,17;CLI-02327
TX-102784;212;0;1.139,84;CLI-00473
TX-102785;458;aprovada;264,93;CLI-00834
TX-102786;446;0;1.459,59;CLI-02070
TX-102787;459;aprovada;502,76;CLI-00071
TX-102788;584;aprovada;486,28;CLI-01817
TX-102789;412;aprovada;2.321,31;CLI-01494
TX-102790;423;aprovada;445,28;CLI-02985
TX-102791;365;0;222,05;CLI-01968
TX-102792;327;0;293,49;CLI-00771
TX-102793;370;aprovada;529,96;CLI-01080
TX-102794;248;aprovada;863,18;CLI-01398
TX-102795;299;aprovada;436,89;CLI-01285
TX-102796;580;aprovada;567,46;CLI-02498
TX-102797;554;0;120,26;CLI-00596
TX-102798;356;0;129,19;CLI-00363
TX-102799;324;aprovada;1.055,14;CLI-01866
TX-102800;446;aprovada;321,71;CLI-02239
TX-102801;632;aprovada;395,76;CLI-02325
TX-102802;484;aprovada;265,37;CLI-01554
TX-102803;606;0;1.753,41;CLI-01028
TX-102804;630;aprovada;481,55;CLI-02183
TX-102805;254;aprovada;144,29;CLI-01214
TX-102806;430;aprovada;1.229,62;CLI-00064
TX-102807;486;aprovada;596,54;CLI-00421
TX-102808;408;aprovada;171,95;CLI-02344
TX-102809;553;0;225,46;CLI-01970
TX-102810;329;aprovada;2.053,46;CLI-00400
TX-102811;220;0;223,40;CLI-02336
TX-102812;653;0;787,87;CLI-02008
TX-102813;511;0;229,13;CLI-01113
TX-102814;698;aprovada;342,68;CLI-01785
TX-102815;722;aprovada;771,81;CLI-00837
TX-102816;644;0;94,87;CLI-02257
TX-102817;595;0;593,21;CLI-00262
TX-102818;495;0;573,60;CLI-01705
TX-102819;261;0;432,15;CLI-00019
TX-102820;611;aprovada;688,78;CLI-02879
TX-102821;564;aprovada;161,90;CLI-02406
TX-102822;656;0;561,31;CLI-01886
TX-102823;514;aprovada;56,56;CLI-02431
TX-102824;483;aprovada;428,96;CLI-00555
TX-102825;648;aprovada;664,57;CLI-00839
TX-102826;660;aprovada;1.462,62;CLI-00321
TX-102827;351;aprovada;485,33;CLI-00251
TX-102828;348;0;324,04;CLI-01072
TX-102829;500;0;242,11;CLI-00449
TX-102830;497;aprovada;208,44;CLI-00207
TX-102831;544;aprovada;750,98;CLI-00244
TX-102832;594;aprovada;223,54;CLI-00620
TX-102833;549;aprovada;453,79;CLI-01134
TX-102834;475;aprovada;1.135,87;CLI-01485
TX-102835;543;0;598,51;CLI-01550
TX-102836;484;aprovada;519,43;CLI-02209
TX-102837;312;0;338,52;CLI-00428
TX-102838;643;aprovada;1.188,06;CLI-02742
TX-102839;718;chargeback;358,21;CLI-02277
TX-102840;290;0;78,21;CLI-01646
TX-102841;848;aprovada;1.646,48;CLI-00197
TX-102842;225;0;392,99;CLI-02251
TX-102843;530;0;196,12;CLI-01169
TX-102844;393;0;460,59;CLI-00260
TX-102845;670;0;772,56;CLI-00806
TX-102846;541;aprovada;285,84;CLI-01802
TX-102847;335;0;1.543,64;CLI-02509
TX-102848;480;aprovada;259,51;CLI-02911
TX-102849;535;0;765,29;CLI-01847
TX-102850;478;0;1.125,76;CLI-02971
TX-102851;224;aprovada;67,99;CLI-00148
TX-102852;461;aprovada;176,36;CLI-00965
TX-102853;514;aprovada;912,73;CLI-01014
TX-102854;446;aprovada;916,26;CLI-01357
TX-102855;645;aprovada;659,35;CLI-01139
TX-102856;445;0;834,12;CLI-02148
TX-102857;502;0;95,99;CLI-02577
TX-102858;474;0;1.286,28;CLI-01234
TX-102859;221;0;334,15;CLI-00803
TX-102860;542;aprovada;22,95;CLI-00738
TX-102861;249;0;876,68;CLI-01544
TX-102862;449;0;4.285,80;CLI-01254
TX-102863;684;0;625,41;CLI-00348
TX-102864;511;0;281,89;CLI-00558
TX-102865;302;aprovada;381,88;CLI-02255
TX-102866;610;0;981,89;CLI-01182
TX-102867;531;0;107,86;CLI-00371
TX-102868;495;0;199,63;CLI-00742
TX-102869;635;aprovada;193,36;CLI-02031
TX-102870;751;aprovada;431,53;CLI-02535
TX-102871;517;0;455,69;CLI-01402
TX-102872;316;aprovada;383,12;CLI-01507
TX-102873;320;aprovada;311,62;CLI-02304
TX-102874;755;aprovada;749,14;CLI-01944
TX-102875;614;aprovada;157,34;CLI-02862
TX-102876;411;aprovada;277,63;CLI-02071
TX-102877;431;0;2.117,52;CLI-02347
TX-102878;519;0;346,07;CLI-02153
TX-102879;668;0;523,72;CLI-00821
TX-102880;743;0;166,61;CLI-01326
TX-102881;154;aprovada;1.281,96;CLI-01841
TX-102882;444;aprovada;821,36;CLI-02555
TX-102883;522;aprovada;130,17;CLI-02434
TX-102884;561;0;346,75;CLI-01309
TX-102885;460;0;690,74;CLI-01294
TX-102886;581;aprovada;1.523,67;CLI-02505
TX-102887;667;0;291,87;CLI-00831
TX-102888;602;aprovada;934,07;CLI-00050
TX-102889;441;0;1.735,78;CLI-01933
TX-102890;636;aprovada;110,76;CLI-02520
TX-102891;445;0;1.143,55;CLI-01725
TX-102892;385;0;471,12;CLI-02880
TX-102893;787;aprovada;1.592,41;CLI-00542
TX-102894;598;aprovada;123,64;CLI-01607
TX-102895;525;aprovada;1.306,08;CLI-02356
TX-102896;672;0;543,19;CLI-00659
TX-102897;445;0;382,36;CLI-01129
TX-102898;426;aprovada;676,82;CLI-00538
TX-102899;324;0;780,88;CLI-01400
TX-102900;454;0;320,79;CLI-02979
TX-102901;519;0;149,01;CLI-00863
TX-102902;383;aprovada;377,46;CLI-00880
TX-102903;511;aprovada;233,60;CLI-01904
TX-102904;517;0;199,51;CLI-01299
TX-102905;318;aprovada;281,34;CLI-01176
TX-102906;681;aprovada;795,66;CLI-01429
TX-102907;571;0;334,45;CLI-01075
TX-102908;402;0;456,05;CLI-01726
TX-102909;796;1;2.179,24;CLI-01787
TX-102910;662;0;575,57;CLI-02917
TX-102911;849;aprovada;471,05;CLI-01987
TX-102912;416;aprovada;41,48;CLI-02787
TX-102913;551;aprovada;599,38;CLI-00924
TX-102914;442;aprovada;5.891,70;CLI-02029
TX-102915;162;0;447,33;CLI-02722
TX-102916;546;0;160,02;CLI-01632
TX-102917;469;0;245,53;CLI-01837
TX-102918;630;aprovada;140,80;CLI-01646
TX-102919;459;0;109,90;CLI-00123
TX-102920;393;aprovada;616,35;CLI-01896
TX-102921;494;aprovada;379,58;CLI-01188
TX-102922;540;aprovada;450,96;CLI-02129
TX-102923;429;aprovada;360,06;CLI-02108
TX-102924;221;aprovada;1.231,48;CLI-02268
TX-102925;514;aprovada;154,30;CLI-02044
TX-102926;644;0;1.531,11;CLI-01707
TX-102927;343;aprovada;401,21;CLI-00893
TX-102928;503;0;355,88;CLI-01255
TX-102929;510;aprovada;76,89;CLI-02223
TX-102930;443;0;2.073,77;CLI-02528
TX-102931;740;0;1.155,45;CLI-01794
TX-102932;490;0;319,99;CLI-00615
TX-102933;417;aprovada;178,75;CLI-01603
TX-102934;580;aprovada;455,82;CLI-00583
TX-102935;432;aprovada;487,84;CLI-00144
TX-102936;476;aprovada;302,58;CLI-01644
TX-102937;445;0;211,38;CLI-01990
TX-102938;379;0;924,71;CLI-02565
TX-102939;529;aprovada;1.111,21;CLI-02778
TX-102940;373;0;1.912,79;CLI-00298
TX-102941;436;aprovada;262,00;CLI-02233
TX-102942;639;0;491,96;CLI-00877
TX-102943;514;0;449,66;CLI-01934
TX-102944;575;0;646,07;CLI-01337
TX-102945;734;0;235,10;CLI-00385
TX-102946;623;0;817,38;CLI-02157
TX-102947;472;0;88,81;CLI-02355
TX-102948;247;aprovada;1.755,16;CLI-02274
TX-102949;503;0;366,94;CLI-02509
TX-102950;486;aprovada;141,01;CLI-02362
TX-102951;510;aprovada;190,34;CLI-01261
TX-102952;631;0;336,13;CLI-02557
TX-102953;713;aprovada;1.754,87;CLI-02962
TX-102954;669;0;230,91;CLI-01269
TX-102955;839;0;342,19;CLI-02627
TX-102956;397;aprovada;773,61;CLI-00805
TX-102957;762;aprovada;452,12;CLI-01596
TX-102958;642;0;199,05;CLI-01514
TX-102959;560;0;476,12;CLI-01320
TX-102960;434;aprovada;323,85;CLI-02188
TX-102961;353;aprovada;244,70;CLI-01542
TX-102962;408;0;730,87;CLI-00295
TX-102963;443;aprovada;268,78;CLI-00763
TX-102964;728;0;279,47;CLI-02117
TX-102965;484;0;1.480,44;CLI-02180
TX-102966;440;aprovada;1.071,61;CLI-01587
TX-102967;322;aprovada;1.432,71;CLI-00915
TX-102968;685;0;114,63;CLI-01857
TX-102969;266;aprovada;1.649,40;CLI-00222
TX-102970;480;0;315,68;CLI-00913
TX-102971;582;aprovada;467,84;CLI-00838
TX-102972;522;0;200,62;CLI-00286
TX-102973;544;0;356,36;CLI-02432
TX-102974;400;0;57,00;CLI-00424
TX-102975;613;aprovada;443,73;CLI-01203
TX-102976;427;aprovada;283,43;CLI-01940
TX-102977;555;0;647,38;CLI-01971
TX-102978;524;0;97,17;CLI-00181
TX-102979;488;aprovada;514,12;CLI-01158
TX-102980;807;aprovada;320,40;CLI-02583
TX-102981;411;aprovada;199,72;CLI-00272
TX-102982;773;aprovada;354,05;CLI-02324
TX-102983;416;0;205,42;CLI-01677
TX-102984;486;0;162,02;CLI-01034
TX-102985;505;aprovada;1.570,58;CLI-00507
TX-102986;336;0;643,12;CLI-00669
TX-102987;521;aprovada;259,50;CLI-02133
TX-102988;633;aprovada;254,81;CLI-00018
TX-102989;294;aprovada;2.052,95;CLI-02412
TX-102990;571;0;126,52;CLI-00712
TX-102991;663;aprovada;176,61;CLI-01582
TX-102992;531;0;406,64;CLI-02108
TX-102993;713;0;102,25;CLI-02030
TX-102994;367;aprovada;273,56;CLI-00785
TX-102995;574;0;975,93;CLI-02684
TX-102996;665;aprovada;412,83;CLI-03015
TX-102997;720;0;759,51;CLI-00747
TX-102998;376;aprovada;266,21;CLI-02395
TX-102999;383;aprovada;944,81;CLI-01051
TX-103000;511;0;415,39;CLI-01238
TX-103001;417;0;310,40;CLI-02600
TX-103002;623;aprovada;839,68;CLI-02417
TX-103003;466;0;899,98;CLI-00024
TX-103004;518;aprovada;277,24;CLI-01226
TX-103005;354;aprovada;366,13;CLI-02444
TX-103006;115;aprovada;223,20;CLI-01909
TX-103007;450;0;67,76;CLI-01836
TX-103008;524;0;138,17;CLI-00864
TX-103009;780;aprovada;98,40;CLI-01096
TX-103010;593;0;350,00;CLI-01226
TX-103011;739;chargeback;683,54;CLI-00825
TX-103012;484;chargeback;1.461,22;CLI-01848
TX-103013;559;aprovada;83,87;CLI-01070
TX-103014;398;aprovada;578,29;CLI-02440
TX-103015;323;0;231,03;CLI-00364
TX-103016;387;aprovada;361,00;CLI-00695
TX-103017;442;aprovada;59,22;CLI-02392
TX-103018;487;aprovada;538,34;CLI-01632
TX-103019;495;aprovada;179,51;CLI-02907
TX-103020;619;aprovada;395,45;CLI-00348
TX-103021;434;aprovada;666,71;CLI-00769
TX-103022;299;0;534,92;CLI-02389
TX-103023;582;aprovada;1.731,58;CLI-02328
TX-103024;564;aprovada;1.448,29;CLI-02042
TX-103025;319;aprovada;146,39;CLI-00790
TX-103026;376;0;387,23;CLI-00769
TX-103027;392;aprovada;87,96;CLI-01533
TX-103028;571;aprovada;421,36;CLI-02615
TX-103029;633;0;66,07;CLI-01322
TX-103030;498;aprovada;1.009,19;CLI-00987
TX-103031;413;aprovada;361,30;CLI-02199
TX-103032;596;0;128,60;CLI-02987
TX-103033;619;0;283,30;CLI-00425
TX-103034;575;aprovada;67,40;CLI-01889
TX-103035;850;0;71,25;CLI-00782
TX-103036;577;aprovada;46,85;CLI-00140
TX-103037;237;0;431,39;CLI-01905
TX-103038;381;0;138,88;CLI-00023
TX-103039;345;aprovada;327,33;CLI-02770
TX-103040;521;aprovada;538,70;CLI-01619
TX-103041;539;aprovada;600,63;CLI-00999
TX-103042;626;0;44,94;CLI-01342
TX-103043;291;aprovada;215,46;CLI-02830
TX-103044;429;aprovada;630,41;CLI-01028
TX-103045;608;0;225,58;CLI-00319
TX-103046;212;aprovada;898,38;CLI-01649
TX-103047;640;0;346,24;CLI-01485
TX-103048;687;aprovada;500,49;CLI-00297
TX-103049;699;0;936,88;CLI-02717
TX-103050;513;aprovada;98,81;CLI-02808
TX-103051;625;0;170,90;CLI-01751
TX-103052;527;0;1.077,07;CLI-00043
TX-103053;522;0;382,33;CLI-02673
TX-103054;580;0;232,32;CLI-01257
TX-103055;496;0;833,71;CLI-02208
TX-103056;261;aprovada;426,22;CLI-01397
TX-103057;300;aprovada;355,36;CLI-00991
TX-103058;534;aprovada;479,65;CLI-00182
TX-103059;724;0;973,79;CLI-02224
TX-103060;487;0;250,98;CLI-02121
TX-103061;628;0;483,90;CLI-01209
TX-103062;450;aprovada;1.142,26;CLI-00221
TX-103063;714;0;199,16;CLI-02877
TX-103064;343;0;815,89;CLI-00348
TX-103065;410;aprovada;880,09;CLI-00245
TX-103066;574;0;245,96;CLI-02630
TX-103067;411;0;524,64;CLI-00063
TX-103068;103;0;198,43;CLI-02886
TX-103069;402;aprovada;1.350,22;CLI-01770
TX-103070;630;aprovada;785,78;CLI-01400
TX-103071;406;aprovada;246,34;CLI-00702
TX-103072;402;aprovada;244,30;CLI-00104
TX-103073;352;0;2.216,75;CLI-01757
TX-103074;517;aprovada;349,02;CLI-02496
TX-103075;541;aprovada;198,64;CLI-02330
TX-103076;758;chargeback;357,06;CLI-02247
TX-103077;528;0;370,07;CLI-02483
TX-103078;666;aprovada;671,94;CLI-01116
TX-103079;542;0;1.250,32;CLI-02169
TX-103080;841;aprovada;281,65;CLI-00462
TX-103081;577;0;284,75;CLI-02487
TX-103082;270;0;122,77;CLI-02534
TX-103083;448;0;467,48;CLI-01998
TX-103084;385;aprovada;182,21;CLI-02428
TX-103085;198;aprovada;541,41;CLI-01017
TX-103086;599;aprovada;667,82;CLI-01093
TX-103087;494;aprovada;1.644,77;CLI-02887
TX-103088;484;aprovada;825,72;CLI-01233
TX-103089;634;0;97,90;CLI-00091
TX-103090;345;0;373,87;CLI-00491
TX-103091;357;aprovada;114,79;CLI-02572
TX-103092;629;aprovada;1.059,22;CLI-02502
TX-103093;790;aprovada;1.378,12;CLI-02772
TX-103094;608;0;251,03;CLI-01398
TX-103095;633;aprovada;298,91;CLI-01709
TX-103096;505;aprovada;233,55;CLI-01923
TX-103097;521;aprovada;687,71;CLI-00847
TX-103098;421;aprovada;1.168,45;CLI-01739
TX-103099;733;0;403,79;CLI-00808
TX-103100;320;aprovada;204,65;CLI-02153
TX-103101;599;0;287,94;CLI-00989
TX-103102;608;aprovada;568,02;CLI-02544
TX-103103;434;aprovada;1.182,70;CLI-01786
TX-103104;423;0;351,32;CLI-00661
TX-103105;216;aprovada;523,52;CLI-01630
TX-103106;552;0;1.085,88;CLI-01293
TX-103107;379;aprovada;414,13;CLI-01222
TX-103108;435;aprovada;626,19;CLI-00118
TX-103109;446;aprovada;1.898,04;CLI-02584
TX-103110;638;aprovada;239,04;CLI-02164
TX-103111;534;0;222,44;CLI-00116
TX-103112;497;0;399,44;CLI-01864
TX-103113;676;0;516,86;CLI-02087
TX-103114;675;0;126,90;CLI-02164
TX-103115;747;aprovada;538,05;CLI-00098
TX-103116;377;0;507,47;CLI-00406
TX-103117;345;aprovada;478,84;CLI-00635
TX-103118;456;aprovada;160,21;CLI-01468
TX-103119;259;aprovada;404,18;CLI-01220
TX-103120;542;0;1.420,02;CLI-00117
TX-103121;551;aprovada;693,06;CLI-01080
TX-103122;569;0;498,79;CLI-02961
TX-103123;522;aprovada;292,16;CLI-00008
TX-103124;596;0;276,59;CLI-00258
TX-103125;666;0;381,30;CLI-01654
TX-103126;258;aprovada;1.027,06;CLI-01036
TX-103127;616;aprovada;462,46;CLI-02888
TX-103128;470;0;395,16;CLI-00682
TX-103129;487;0;1.220,65;CLI-00376
TX-103130;646;0;799,08;CLI-02916
TX-103131;492;0;735,22;CLI-02918
TX-103132;613;0;100,70;CLI-01284
TX-103133;380;0;257,41;CLI-01268
TX-103134;466;aprovada;328,28;CLI-00037
TX-103135;430;0;226,25;CLI-02451
TX-103136;518;0;74,23;CLI-02608
TX-103137;480;0;319,34;CLI-01592
TX-103138;521;aprovada;79,62;CLI-02667
TX-103139;744;0;262,49;CLI-00384
TX-103140;676;aprovada;388,67;CLI-01291
TX-103141;517;0;500,97;CLI-02767
TX-103142;348;aprovada;418,42;CLI-00940
TX-103143;489;aprovada;596,36;CLI-02238
TX-103144;528;aprovada;1.057,80;CLI-02209
TX-103145;633;aprovada;148,35;CLI-02320
TX-103146;635;0;793,09;CLI-02527
TX-103147;503;aprovada;60,48;CLI-01536
TX-103148;636;aprovada;744,27;CLI-00395
TX-103149;447;0;954,62;CLI-00414
TX-103150;397;0;1.107,03;CLI-02639
TX-103151;367;aprovada;131,03;CLI-02743
TX-103152;349;0;649,44;CLI-00396
TX-103153;330;0;233,72;CLI-00659
TX-103154;484;aprovada;546,59;CLI-01938
TX-103155;438;0;280,62;CLI-01881
TX-103156;287;0;2.855,11;CLI-01336
TX-103157;662;0;133,97;CLI-01182
TX-103158;305;aprovada;43,33;CLI-01319
TX-103159;459;aprovada;219,06;CLI-00555
TX-103160;757;0;359,08;CLI-02079
TX-103161;431;aprovada;121,76;CLI-01398
TX-103162;432;aprovada;1.868,95;CLI-02175
TX-103163;229;aprovada;500,01;CLI-02650
TX-103164;684;0;402,95;CLI-01245
TX-103165;360;aprovada;2.691,18;CLI-02980
TX-103166;725;aprovada;479,06;CLI-02907
TX-103167;465;aprovada;129,10;CLI-02902
TX-103168;425;0;185,69;CLI-02258
TX-103169;288;aprovada;203,75;CLI-01511
TX-103170;310;aprovada;592,29;CLI-02417
TX-103171;707;aprovada;687,55;CLI-01807
TX-103172;544;aprovada;318,91;CLI-03008
TX-103173;639;aprovada;838,30;CLI-02259
TX-103174;432;0;103,46;CLI-01099
TX-103175;278;aprovada;432,69;CLI-02788
TX-103176;724;aprovada;1.035,72;CLI-01052
TX-103177;287;0;451,13;CLI-03010
TX-103178;432;aprovada;481,72;CLI-02705
TX-103179;557;aprovada;2.083,30;CLI-00821
TX-103180;452;aprovada;587,84;CLI-02354
TX-103181;598;aprovada;411,89;CLI-01469
TX-103182;596;0;399,08;CLI-00048
TX-103183;479;aprovada;898,77;CLI-01866
TX-103184;309;aprovada;1.712,66;CLI-02517
TX-103185;544;aprovada;1.037,66;CLI-00253
TX-103186;627;0;315,30;CLI-00494
TX-103187;705;chargeback;486,96;CLI-01890
TX-103188;803;aprovada;1.610,72;CLI-01498
TX-103189;568;0;696,97;CLI-02843
TX-103190;676;0;449,11;CLI-02141
TX-103191;585;aprovada;249,52;CLI-01884
TX-103192;610;0;255,05;CLI-00848
TX-103193;305;aprovada;913,28;CLI-01731
TX-103194;543;aprovada;165,54;CLI-01246
TX-103195;494;aprovada;370,29;CLI-01624
TX-103196;449;0;705,80;CLI-01387
TX-103197;564;aprovada;87,91;CLI-00521
TX-103198;323;0;140,87;CLI-02185
TX-103199;591;0;136,84;CLI-01104
TX-103200;367;aprovada;435,30;CLI-01660
TX-103201;410;0;183,33;CLI-02716
TX-103202;529;aprovada;368,44;CLI-00184
TX-103203;450;0;254,89;CLI-02567
TX-103204;409;aprovada;1.032,01;CLI-01863
TX-103205;411;0;161,89;CLI-01132
TX-103206;573;0;107,83;CLI-02613
TX-103207;599;0;88,87;CLI-02997
TX-103208;544;0;82,24;CLI-02395
TX-103209;249;aprovada;363,06;CLI-02237
TX-103210;512;aprovada;776,31;CLI-02135
TX-103211;585;0;1.073,75;CLI-01266
TX-103212;632;aprovada;177,21;CLI-02044
TX-103213;310;0;229,33;CLI-01227
TX-103214;626;0;213,44;CLI-01097
TX-103215;565;0;749,16;CLI-01735
TX-103216;725;0;309,34;CLI-01962
TX-103217;645;aprovada;381,27;CLI-01610
TX-103218;517;0;315,07;CLI-00727
TX-103219;431;aprovada;110,94;CLI-01055
TX-103220;587;aprovada;170,25;CLI-01227
TX-103221;484;aprovada;561,71;CLI-00741
TX-103222;635;0;136,60;CLI-01992
TX-103223;339;0;410,87;CLI-02766
TX-103224;496;aprovada;195,63;CLI-01837
TX-103225;448;aprovada;107,86;CLI-00103
TX-103226;364;aprovada;860,91;CLI-01429
TX-103227;442;0;160,66;CLI-00046
TX-103228;407;0;851,05;CLI-00376
TX-103229;575;aprovada;314,21;CLI-02650
TX-103230;539;aprovada;2.765,87;CLI-01344
TX-103231;240;0;252,24;CLI-01645
TX-103232;547;0;386,40;CLI-00817
TX-103233;153;aprovada;322,05;CLI-01409
TX-103234;250;0;312,23;CLI-01754
TX-103235;745;aprovada;300,13;CLI-01126
TX-103236;622;aprovada;366,70;CLI-02141
TX-103237;777;1;265,46;CLI-00058
TX-103238;636;0;329,54;CLI-00286
TX-103239;845;0;571,83;CLI-01645
TX-103240;700;0;50,94;CLI-00883
TX-103241;563;aprovada;147,18;CLI-02109
TX-103242;363;0;217,99;CLI-01654
TX-103243;422;0;147,43;CLI-02634
TX-103244;620;0;294,72;CLI-02363
TX-103245;620;0;601,13;CLI-01218
TX-103246;639;0;526,88;CLI-00030
TX-103247;688;0;1.409,21;CLI-00284
TX-103248;484;aprovada;509,56;CLI-02197
TX-103249;463;aprovada;591,84;CLI-01663
TX-103250;596;0;98,24;CLI-01274
TX-103251;478;aprovada;716,60;CLI-00819
TX-103252;402;aprovada;281,56;CLI-02147
TX-103253;931;chargeback;461,42;CLI-01445
TX-103254;412;0;318,77;CLI-00299
TX-103255;493;aprovada;536,58;CLI-02156
TX-103256;506;0;685,39;CLI-02394
TX-103257;675;aprovada;1.914,04;CLI-00529
TX-103258;736;aprovada;506,59;CLI-01638
TX-103259;569;aprovada;329,99;CLI-01869
TX-103260;258;0;1.209,53;CLI-00719
TX-103261;381;0;689,05;CLI-00315
TX-103262;347;aprovada;363,91;CLI-01399
TX-103263;312;0;273,32;CLI-01776
TX-103264;349;aprovada;151,63;CLI-01130
TX-103265;483;aprovada;312,60;CLI-01666
TX-103266;415;0;60,66;CLI-01626
TX-103267;616;0;1.318,69;CLI-02675
TX-103268;493;0;242,65;CLI-02156
TX-103269;243;aprovada;416,46;CLI-01252
TX-103270;534;0;761,92;CLI-02208
TX-103271;699;aprovada;20.881,95;CLI-01958
TX-103272;543;aprovada;1.330,47;CLI-00644
TX-103273;475;aprovada;356,01;CLI-01551
TX-103274;627;0;126,64;CLI-00678
TX-103275;817;0;812,31;CLI-00579
TX-103276;827;aprovada;225,97;CLI-02081
TX-103277;485;0;110,96;CLI-00960
TX-103278;465;aprovada;170,59;CLI-01875
TX-103279;626;aprovada;939,74;CLI-00044
TX-103280;643;0;396,39;CLI-00917
TX-103281;614;0;151,33;CLI-02780
TX-103282;993;0;2.293,32;CLI-01479
TX-103283;597;0;493,21;CLI-00682
TX-103284;332;0;1.076,07;CLI-02725
TX-103285;375;0;387,33;CLI-00868
TX-103286;502;aprovada;583,59;CLI-00906
TX-103287;451;0;158,03;CLI-00233
TX-103288;429;0;572,61;CLI-01412
TX-103289;718;aprovada;77,44;CLI-00921
TX-103290;377;aprovada;524,80;CLI-00807
TX-103291;656;aprovada;1.194,34;CLI-02727
TX-103292;433;0;1.432,98;CLI-00384
TX-103293;638;aprovada;539,52;CLI-00817
TX-103294;307;0;401,50;CLI-03013
TX-103295;675;aprovada;118,81;CLI-02687
TX-103296;561;aprovada;367,04;CLI-02886
TX-103297;686;aprovada;274,12;CLI-01407
TX-103298;295;0;485,68;CLI-00219
TX-103299;482;0;311,86;CLI-02231
TX-103300;413;aprovada;269,92;CLI-02894
TX-103301;357;0;190,50;CLI-00814
TX-103302;471;0;1.301,93;CLI-00786
TX-103303;554;aprovada;147,16;CLI-02728
TX-103304;239;aprovada;260,82;CLI-01884
TX-103305;622;aprovada;265,21;CLI-00882
TX-103306;477;aprovada;3.089,26;CLI-01850
TX-103307;302;aprovada;244,46;CLI-00781
TX-103308;576;aprovada;250,32;CLI-01050
TX-103309;511;0;441,62;CLI-02335
TX-103310;646;0;528,48;CLI-01450
TX-103311;597;aprovada;56,64;CLI-02589
TX-103312;550;aprovada;1.043,69;CLI-02626
TX-103313;688;0;220,65;CLI-01719
TX-103314;651;0;1.121,16;CLI-02148
TX-103315;346;aprovada;815,24;CLI-02727
TX-103316;527;0;274,29;CLI-02876
TX-103317;205;aprovada;129,17;CLI-02398
TX-103318;571;0;412,49;CLI-00050
TX-103319;452;aprovada;58,01;CLI-01445
TX-103320;344;0;570,71;CLI-01671
TX-103321;484;aprovada;637,00;CLI-00313
TX-103322;331;0;642,80;CLI-01943
TX-103323;726;0;778,34;CLI-00028
TX-103324;472;aprovada;708,25;CLI-00569
TX-103325;614;0;329,41;CLI-00670
TX-103326;477;aprovada;752,56;CLI-00644
TX-103327;465;0;327,12;CLI-01421
TX-103328;492;0;63,00;CLI-02718
TX-103329;441;0;305,77;CLI-01558
TX-103330;610;0;2.171,41;CLI-02384
TX-103331;583;0;633,17;CLI-03002
TX-103332;614;0;713,36;CLI-00108
TX-103333;614;0;460,77;CLI-01209
TX-103334;487;aprovada;722,05;CLI-01995
TX-103335;514;0;790,27;CLI-01351
TX-103336;396;0;420,13;CLI-02342
TX-103337;599;0;1.592,84;CLI-01940
TX-103338;820;aprovada;514,02;CLI-01456
TX-103339;639;aprovada;121,19;CLI-02096
TX-103340;574;aprovada;297,08;CLI-00294
TX-103341;631;aprovada;1.217,98;CLI-02722
TX-103342;605;0;1.221,35;CLI-02180
TX-103343;614;0;1.599,56;CLI-00968
TX-103344;669;aprovada;466,83;CLI-00330
TX-103345;423;aprovada;272,29;CLI-02175
TX-103346;363;aprovada;1.487,42;CLI-00732
TX-103347;820;0;399,76;CLI-01289
TX-103348;404;aprovada;905,77;CLI-02130
TX-103349;233;aprovada;205,39;CLI-00722
TX-103350;387;0;9.423,73;CLI-01432
TX-103351;378;0;669,33;CLI-02520
TX-103352;489;0;344,98;CLI-00287
TX-103353;500;aprovada;542,28;CLI-02008
TX-103354;692;0;1.415,33;CLI-02597
TX-103355;265;aprovada;663,45;CLI-01792
TX-103356;529;aprovada;440,31;CLI-01404
TX-103357;343;aprovada;175,61;CLI-02756
TX-103358;548;aprovada;296,70;CLI-00620
TX-103359;491;aprovada;1.594,19;CLI-01033
TX-103360;346;aprovada;564,93;CLI-01870
TX-103361;587;aprovada;305,31;CLI-00931
TX-103362;239;aprovada;755,49;CLI-00348
TX-103363;419;0;399,98;CLI-01889
TX-103364;583;aprovada;245,11;CLI-02619
TX-103365;571;aprovada;291,97;CLI-01826
TX-103366;470;0;187,75;CLI-01361
TX-103367;309;aprovada;492,49;CLI-00361
TX-103368;612;0;569,83;CLI-00875
TX-103369;528;aprovada;624,94;CLI-00117
TX-103370;372;aprovada;237,69;CLI-02172
TX-103371;547;0;148,36;CLI-01048
TX-103372;446;aprovada;1.863,61;CLI-02773
TX-103373;776;aprovada;1.440,92;CLI-00038
TX-103374;504;aprovada;367,36;CLI-00112
TX-103375;325;aprovada;171,66;CLI-01476
TX-103376;574;aprovada;297,28;CLI-01830
TX-103377;350;0;982,07;CLI-00352
TX-103378;588;chargeback;152,30;CLI-00220
TX-103379;504;0;565,87;CLI-02775
TX-103380;313;aprovada;339,06;CLI-02056
TX-103381;499;aprovada;258,34;CLI-01019
TX-103382;396;0;62,41;CLI-01630
TX-103383;589;aprovada;248,46;CLI-01095
TX-103384;631;0;463,32;CLI-02632
TX-103385;371;aprovada;408,70;CLI-02878
TX-103386;430;aprovada;806,37;CLI-02518
TX-103387;397;0;829,82;CLI-01483
TX-103388;513;0;386,51;CLI-01046
TX-103389;770;aprovada;518,14;CLI-02282
TX-103390;386;0;276,06;CLI-00352
TX-103391;479;aprovada;2.268,43;CLI-01889
TX-103392;459;0;312,99;CLI-00303
TX-103393;427;0;618,05;CLI-00414
TX-103394;166;0;99,92;CLI-02819
TX-103395;762;aprovada;500,67;CLI-02001
TX-103396;169;0;1.790,31;CLI-03000
TX-103397;549;chargeback;197,93;CLI-00107
TX-103398;451;aprovada;409,91;CLI-01979
TX-103399;508;0;436,12;CLI-02488
TX-103400;58;aprovada;464,97;CLI-01714
TX-103401;708;0;1.173,57;CLI-01631
TX-103402;650;0;197,38;CLI-02204
TX-103403;373;0;71,95;CLI-02474
TX-103404;658;0;365,14;CLI-01011
TX-103405;513;0;116,41;CLI-01839
TX-103406;535;aprovada;123,55;CLI-02694
TX-103407;774;aprovada;644,99;CLI-01566
TX-103408;310;aprovada;595,47;CLI-00822
TX-103409;732;aprovada;280,10;CLI-02925
TX-103410;376;0;392,83;CLI-00096
TX-103411;597;aprovada;958,84;CLI-01422
TX-103412;166;0;132,51;CLI-02347
TX-103413;500;0;459,77;CLI-02558
TX-103414;465;aprovada;361,38;CLI-02624
TX-103415;577;aprovada;329,44;CLI-02033
TX-103416;482;0;534,14;CLI-01742
TX-103417;570;0;1.531,83;CLI-00164
TX-103418;402;0;967,34;CLI-02699
TX-103419;469;aprovada;880,82;CLI-00754
TX-103420;694;0;621,82;CLI-00830
TX-103421;566;0;204,14;CLI-02527
TX-103422;716;aprovada;1.415,30;CLI-02336
TX-103423;614;0;148,11;CLI-01441
TX-103424;140;0;245,04;CLI-00236
TX-103425;603;0;253,08;CLI-01364
TX-103426;620;0;499,63;CLI-02793
TX-103427;212;0;660,12;CLI-00400
TX-103428;547;0;233,22;CLI-01243
TX-103429;665;aprovada;331,50;CLI-01446
TX-103430;297;0;454,62;CLI-01542
TX-103431;546;aprovada;72,52;CLI-01090
TX-103432;310;aprovada;228,89;CLI-02737
TX-103433;214;aprovada;628,30;CLI-02806
TX-103434;372;aprovada;101,03;CLI-02626
TX-103435;300;0;305,34;CLI-00063
TX-103436;246;aprovada;521,27;CLI-00483
TX-103437;392;0;796,29;CLI-02814
TX-103438;688;0;277,45;CLI-01884
TX-103439;834;aprovada;847,87;CLI-01407
TX-103440;58;0;3.222,27;CLI-01346
TX-103441;569;0;237,59;CLI-02045
TX-103442;293;aprovada;89,27;CLI-02009
TX-103443;513;aprovada;930,08;CLI-02181
TX-103444;837;aprovada;861,46;CLI-01405
TX-103445;592;chargeback;788,03;CLI-02009
TX-103446;457;aprovada;358,18;CLI-01348
TX-103447;307;aprovada;633,70;CLI-02651
TX-103448;393;aprovada;115,30;CLI-02538
TX-103449;538;aprovada;1.168,50;CLI-02696
TX-103450;521;0;1.313,29;CLI-02791
TX-103451;381;aprovada;253,38;CLI-00523
TX-103452;277;0;153,57;CLI-01276
TX-103453;373;aprovada;95,24;CLI-00458
TX-103454;454;aprovada;401,74;CLI-01348
TX-103455;545;aprovada;1.931,38;CLI-00683
TX-103456;255;0;125,14;CLI-01506
TX-103457;510;0;407,34;CLI-02380
TX-103458;295;0;191,78;CLI-00045
TX-103459;463;aprovada;89,70;CLI-01161
TX-103460;460;aprovada;167,02;CLI-00972
TX-103461;309;0;256,32;CLI-02826
TX-103462;454;0;301,40;CLI-02386
TX-103463;525;0;550,10;CLI-01696
TX-103464;472;0;334,95;CLI-02592
TX-103465;343;aprovada;351,73;CLI-01916
TX-103466;419;aprovada;47,86;CLI-01928
TX-103467;584;0;210,74;CLI-02663
TX-103468;427;0;236,26;CLI-00239
TX-103469;395;0;366,93;CLI-00895
TX-103470;250;0;2.899,67;CLI-01156
TX-103471;763;aprovada;1.130,70;CLI-00819
TX-103472;395;aprovada;1.544,19;CLI-00396
TX-103473;536;aprovada;289,58;CLI-02304
TX-103474;446;0;463,72;CLI-00565
TX-103475;494;aprovada;647,25;CLI-00459
TX-103476;625;0;622,61;CLI-01637
TX-103477;512;0;283,30;CLI-00588
TX-103478;557;0;567,02;CLI-00780
TX-103479;493;aprovada;266,44;CLI-02420
TX-103480;570;aprovada;101,68;CLI-01263
TX-103481;724;0;534,15;CLI-02130
TX-103482;552;aprovada;98,80;CLI-00794
TX-103483;569;0;427,33;CLI-01880
TX-103484;247;0;114,27;CLI-02200
TX-103485;626;0;192,02;CLI-01337
TX-103486;506;aprovada;363,10;CLI-02468
TX-103487;499;aprovada;799,74;CLI-00668
TX-103488;423;aprovada;183,68;CLI-01176
TX-103489;495;aprovada;1.171,51;CLI-02339
TX-103490;703;aprovada;710,38;CLI-01376
TX-103491;573;0;115,23;CLI-02720
TX-103492;469;aprovada;139,33;CLI-00912
TX-103493;545;0;817,70;CLI-01942
TX-103494;521;0;411,81;CLI-01123
TX-103495;560;aprovada;416,03;CLI-00604
TX-103496;397;aprovada;362,89;CLI-02479
TX-103497;176;0;137,47;CLI-01997
TX-103498;577;0;919,92;CLI-02771
TX-103499;486;aprovada;296,76;CLI-00986
TX-103500;423;aprovada;71,76;CLI-01094
TX-103501;589;0;1.744,11;CLI-00513
TX-103502;505;aprovada;346,55;CLI-01700
TX-103503;596;aprovada;1.230,94;CLI-02130
TX-103504;371;aprovada;469,32;CLI-01007
TX-103505;514;0;176,04;CLI-00712
TX-103506;449;0;192,79;CLI-00274
TX-103507;492;0;600,93;CLI-01492
TX-103508;557;0;2.038,91;CLI-01709
TX-103509;489;0;714,95;CLI-00728
TX-103510;363;0;2.791,98;CLI-00872
TX-103511;710;0;327,66;CLI-01445
TX-103512;396;aprovada;120,07;CLI-01224
TX-103513;622;0;136,62;CLI-02865
TX-103514;462;0;91,78;CLI-00475
TX-103515;559;0;732,77;CLI-02085
TX-103516;620;0;777,18;CLI-01304
TX-103517;601;0;231,83;CLI-00325
TX-103518;580;aprovada;1.164,30;CLI-01598
TX-103519;337;0;1.126,87;CLI-00732
TX-103520;705;aprovada;3.218,98;CLI-00360
TX-103521;359;0;978,34;CLI-01886
TX-103522;409;0;295,41;CLI-02267
TX-103523;452;aprovada;497,55;CLI-02594
TX-103524;296;0;1.135,25;CLI-01156
TX-103525;524;0;170,80;CLI-00727
TX-103526;908;0;715,11;CLI-02050
TX-103527;611;0;277,31;CLI-00364
TX-103528;556;0;2.887,77;CLI-01598
TX-103529;499;aprovada;577,14;CLI-00297
TX-103530;459;0;312,40;CLI-02955
TX-103531;523;0;295,27;CLI-02631
TX-103532;676;0;266,83;CLI-02350
TX-103533;627;aprovada;289,60;CLI-00289
TX-103534;524;aprovada;377,36;CLI-01841
TX-103535;486;0;368,56;CLI-01815
TX-103536;203;aprovada;312,18;CLI-00063
TX-103537;884;0;556,34;CLI-01717
TX-103538;444;0;634,16;CLI-02887
TX-103539;622;aprovada;421,51;CLI-00550
TX-103540;577;0;281,05;CLI-01276
TX-103541;275;aprovada;165,08;CLI-02762
TX-103542;213;aprovada;395,28;CLI-02163
TX-103543;599;aprovada;147,88;CLI-01900
TX-103544;385;aprovada;115,16;CLI-00153
TX-103545;403;aprovada;135,59;CLI-02848
TX-103546;648;0;567,10;CLI-02913
TX-103547;397;aprovada;102,30;CLI-00717
TX-103548;578;0;701,61;CLI-00673
TX-103549;638;0;107,01;CLI-01132
TX-103550;328;aprovada;791,85;CLI-00417
TX-103551;641;0;771,03;CLI-01200
TX-103552;541;aprovada;920,02;CLI-01550
TX-103553;290;aprovada;1.748,44;CLI-01917
TX-103554;445;0;111,92;CLI-02155
TX-103555;396;0;536,66;CLI-01890
TX-103556;460;0;2.101,68;CLI-00746
TX-103557;467;aprovada;723,42;CLI-01879
TX-103558;492;aprovada;539,01;CLI-02344
TX-103559;280;aprovada;183,21;CLI-02234
TX-103560;688;1;1.017,58;CLI-02934
TX-103561;547;0;457,24;CLI-01409
TX-103562;673;aprovada;407,83;CLI-00356
TX-103563;426;aprovada;543,44;CLI-01254
TX-103564;305;0;546,65;CLI-02969
TX-103565;151;0;716,44;CLI-01326
TX-103566;320;aprovada;100,61;CLI-02598
TX-103567;506;0;195,16;CLI-01825
TX-103568;503;aprovada;438,27;CLI-00660
TX-103569;779;0;236,20;CLI-01436
TX-103570;439;aprovada;259,70;CLI-00280
TX-103571;310;aprovada;425,03;CLI-00212
TX-103572;515;0;740,98;CLI-02118
TX-103573;286;0;195,69;CLI-02995
TX-103574;660;0;401,28;CLI-00547
TX-103575;473;aprovada;592,96;CLI-02434
TX-103576;605;aprovada;185,90;CLI-01512
TX-103577;592;0;869,15;CLI-01696
TX-103578;665;0;161,78;CLI-00673
TX-103579;509;aprovada;1.576,90;CLI-02013
TX-103580;489;0;136,55;CLI-01502
TX-103581;469;0;703,58;CLI-02791
TX-103582;452;aprovada;343,64;CLI-02408
TX-103583;348;aprovada;583,85;CLI-00593
TX-103584;894;0;405,28;CLI-00585
TX-103585;614;aprovada;329,40;CLI-00533
TX-103586;587;aprovada;54,43;CLI-02520
TX-103587;372;0;724,45;CLI-00287
TX-103588;483;aprovada;668,79;CLI-02969
TX-103589;438;0;719,29;CLI-02630
TX-103590;458;0;352,13;CLI-00579
TX-103591;248;0;1.095,53;CLI-01087
TX-103592;388;aprovada;279,89;CLI-01722
TX-103593;706;aprovada;654,85;CLI-00354
TX-103594;480;0;531,27;CLI-01243
TX-103595;588;0;494,12;CLI-01371
TX-103596;593;0;1.616,59;CLI-01691
TX-103597;593;0;1.004,07;CLI-01379
TX-103598;394;aprovada;168,78;CLI-00111
TX-103599;523;aprovada;983,49;CLI-00825
TX-103600;241;aprovada;425,08;CLI-02961
TX-103601;541;aprovada;193,89;CLI-01461
TX-103602;538;aprovada;719,47;CLI-02292
TX-103603;539;aprovada;771,44;CLI-01029
TX-103604;712;0;209,18;CLI-00068
TX-103605;562;aprovada;858,11;CLI-02600
TX-103606;595;0;749,36;CLI-02877
TX-103607;549;0;57,53;CLI-01272
TX-103608;437;0;72,30;CLI-00462
TX-103609;361;aprovada;179,49;CLI-02206
TX-103610;585;aprovada;690,73;CLI-02521
TX-103611;469;0;206,14;CLI-01587
TX-103612;673;aprovada;517,18;CLI-00238
TX-103613;681;0;410,70;CLI-02890
TX-103614;459;0;206,43;CLI-02739
TX-103615;661;aprovada;584,11;CLI-01686
TX-103616;474;aprovada;87,13;CLI-02997
TX-103617;577;0;264,86;CLI-02137
TX-103618;613;0;160,42;CLI-01202
TX-103619;394;aprovada;100,80;CLI-01974
TX-103620;674;aprovada;566,65;CLI-00005
TX-103621;492;aprovada;604,00;CLI-00535
TX-103622;486;aprovada;588,94;CLI-00419
TX-103623;496;0;702,53;CLI-02551
TX-103624;616;0;395,47;CLI-01670
TX-103625;725;0;114,61;CLI-02887
TX-103626;509;aprovada;283,41;CLI-00756
TX-103627;456;0;517,40;CLI-02458
TX-103628;563;0;3.171,08;CLI-00606
TX-103629;389;aprovada;750,93;CLI-00760
TX-103630;340;0;231,78;CLI-01275
TX-103631;376;aprovada;3.474,47;CLI-01112
TX-103632;300;aprovada;262,09;CLI-02751
TX-103633;739;0;76,28;CLI-02076
TX-103634;418;0;525,59;CLI-01434
TX-103635;689;aprovada;354,14;CLI-02650
TX-103636;399;aprovada;373,92;CLI-00689
TX-103637;682;0;149,01;CLI-01526
TX-103638;470;aprovada;570,05;CLI-00843
TX-103639;569;0;1.188,81;CLI-01189
TX-103640;637;aprovada;179,12;CLI-01330
TX-103641;308;aprovada;60,15;CLI-01979
TX-103642;353;0;1.165,60;CLI-01251
TX-103643;687;aprovada;92,03;CLI-01879
TX-103644;664;aprovada;145,06;CLI-00159
TX-103645;548;0;220,98;CLI-00512
TX-103646;745;aprovada;145,77;CLI-02012
TX-103647;337;0;128,64;CLI-00556
TX-103648;674;aprovada;722,24;CLI-02668
TX-103649;556;0;327,03;CLI-00373
TX-103650;533;0;192,36;CLI-01665
TX-103651;395;0;248,82;CLI-00865
TX-103652;645;0;384,62;CLI-01395
TX-103653;545;0;25,65;CLI-02275
TX-103654;455;aprovada;245,18;CLI-01089
TX-103655;472;aprovada;1.321,96;CLI-02732
TX-103656;405;aprovada;968,81;CLI-00861
TX-103657;509;0;1.629,26;CLI-00885
TX-103658;698;0;476,32;CLI-00143
TX-103659;330;aprovada;1.696,48;CLI-01376
TX-103660;612;0;559,48;CLI-01337
TX-103661;617;0;911,33;CLI-01922
TX-103662;353;0;322,41;CLI-02321
TX-103663;540;aprovada;1.142,67;CLI-02300
TX-103664;428;aprovada;768,53;CLI-01456
TX-103665;435;aprovada;1.596,53;CLI-02755
TX-103666;634;aprovada;199,46;CLI-00652
TX-103667;508;0;815,96;CLI-02082
TX-103668;636;aprovada;97,02;CLI-01231
TX-103669;383;aprovada;360,27;CLI-00526
TX-103670;590;aprovada;330,13;CLI-00561
TX-103671;399;aprovada;374,52;CLI-00294
TX-103672;426;aprovada;665,30;CLI-01175
TX-103673;565;0;452,35;CLI-02532
TX-103674;672;0;3.721,31;CLI-00888
TX-103675;406;aprovada;348,63;CLI-02375
TX-103676;359;0;446,58;CLI-01924
TX-103677;510;aprovada;982,06;CLI-02682
TX-103678;471;aprovada;671,12;CLI-01432
TX-103679;699;0;367,79;CLI-02538
TX-103680;532;0;169,23;CLI-01366
TX-103681;403;0;322,10;CLI-01679
TX-103682;334;0;195,46;CLI-02190
TX-103683;573;0;522,28;CLI-00987
TX-103684;440;0;241,91;CLI-02973
TX-103685;580;aprovada;483,43;CLI-01819
TX-103686;253;0;174,10;CLI-02627
TX-103687;504;0;519,39;CLI-01382
TX-103688;879;aprovada;179,27;CLI-01109
TX-103689;446;0;304,24;CLI-01027
TX-103690;594;0;729,03;CLI-00143
TX-103691;518;aprovada;212,55;CLI-00230
TX-103692;465;0;355,13;CLI-00916
TX-103693;253;aprovada;210,14;CLI-01095
TX-103694;485;aprovada;2.752,40;CLI-00544
TX-103695;567;aprovada;341,88;CLI-01182
TX-103696;464;0;517,15;CLI-00868
TX-103697;549;0;801,90;CLI-00171
TX-103698;239;aprovada;92,13;CLI-01680
TX-103699;577;0;533,01;CLI-00639
TX-103700;481;aprovada;161,27;CLI-01273
TX-103701;308;aprovada;931,88;CLI-02027
TX-103702;127;aprovada;1.579,55;CLI-00914
TX-103703;440;0;602,58;CLI-01055
TX-103704;604;0;44,68;CLI-00575
TX-103705;538;0;443,25;CLI-01802
TX-103706;575;0;398,61;CLI-00074
TX-103707;740;0;525,50;CLI-02475
TX-103708;574;0;965,09;CLI-00288
TX-103709;648;aprovada;435,12;CLI-02100
TX-103710;643;aprovada;240,14;CLI-02258
TX-103711;507;0;597,22;CLI-01199
TX-103712;800;0;983,67;CLI-02504
TX-103713;547;0;666,18;CLI-00837
TX-103714;478;0;224,23;CLI-01625
TX-103715;471;aprovada;538,53;CLI-02084
TX-103716;458;aprovada;164,84;CLI-01027
TX-103717;514;aprovada;471,89;CLI-01422
TX-103718;503;0;303,99;CLI-02033
TX-103719;523;0;1.968,29;CLI-00692
TX-103720;336;aprovada;230,10;CLI-00638
TX-103721;502;aprovada;166,42;CLI-01634
TX-103722;489;0;187,63;CLI-02435
TX-103723;102;aprovada;503,34;CLI-00602
TX-103724;383;0;941,63;CLI-00880
TX-103725;792;aprovada;266,49;CLI-02982
TX-103726;383;aprovada;976,19;CLI-00726
TX-103727;491;0;800,95;CLI-01708
TX-103728;775;aprovada;278,82;CLI-00034
TX-103729;511;0;1.013,56;CLI-02495
TX-103730;558;aprovada;722,47;CLI-00574
TX-103731;725;0;1.084,94;CLI-00506
TX-103732;457;0;370,66;CLI-01370
TX-103733;595;0;133,26;CLI-01612
TX-103734;424;0;189,97;CLI-01624
TX-103735;589;aprovada;172,12;CLI-00954
TX-103736;691;aprovada;179,86;CLI-00891
TX-103737;637;aprovada;102,87;CLI-00729
TX-103738;658;aprovada;341,52;CLI-02288
TX-103739;1000;chargeback;474,02;CLI-01068
TX-103740;411;0;316,55;CLI-00735
TX-103741;423;0;429,00;CLI-01757
TX-103742;491;0;187,00;CLI-01586
TX-103743;263;aprovada;238,92;CLI-02956
TX-103744;585;0;90,93;CLI-02485
TX-103745;282;aprovada;1.048,47;CLI-02264
TX-103746;408;0;186,48;CLI-01854
TX-103747;255;aprovada;214,40;CLI-00338
TX-103748;566;0;203,66;CLI-01580
TX-103749;667;0;176,02;CLI-01824
TX-103750;566;aprovada;673,29;CLI-01947
TX-103751;525;aprovada;103,90;CLI-00552
TX-103752;446;0;747,31;CLI-01001
TX-103753;345;0;1.850,43;CLI-00200
TX-103754;601;aprovada;3.325,83;CLI-00795
TX-103755;551;0;104,30;CLI-02958
TX-103756;501;0;282,22;CLI-01981
TX-103757;520;aprovada;805,73;CLI-01323
TX-103758;435;0;559,69;CLI-00999
TX-103759;568;aprovada;897,55;CLI-00906
TX-103760;514;aprovada;979,26;CLI-01838
TX-103761;731;aprovada;993,23;CLI-02111
TX-103762;650;aprovada;131,71;CLI-00207
TX-103763;707;0;286,02;CLI-01074
TX-103764;469;aprovada;703,89;CLI-00050
TX-103765;321;0;96,17;CLI-01101
TX-103766;494;0;412,50;CLI-00649
TX-103767;342;aprovada;1.213,91;CLI-01901
TX-103768;494;aprovada;1.315,80;CLI-01051
TX-103769;239;aprovada;61,42;CLI-02802
TX-103770;400;aprovada;157,62;CLI-00563
TX-103771;578;aprovada;237,69;CLI-00346
TX-103772;688;0;459,44;CLI-02184
TX-103773;624;0;1.199,73;CLI-02353
TX-103774;625;0;678,78;CLI-01477
TX-103775;350;0;2.142,21;CLI-00096
TX-103776;578;aprovada;270,52;CLI-00821
TX-103777;503;aprovada;372,79;CLI-00973
TX-103778;279;0;1.275,35;CLI-00871
TX-103779;528;aprovada;417,73;CLI-00559
TX-103780;622;aprovada;627,86;CLI-00405
TX-103781;572;0;38,68;CLI-02654
TX-103782;186;aprovada;80,78;CLI-00286
TX-103783;577;0;292,92;CLI-02023
TX-103784;555;aprovada;189,12;CLI-02501
TX-103785;480;aprovada;176,98;CLI-01866
TX-103786;403;0;349,67;CLI-02827
TX-103787;616;0;249,22;CLI-00564
TX-103788;187;aprovada;114,52;CLI-00354
TX-103789;567;aprovada;441,19;CLI-00242
TX-103790;371;0;409,78;CLI-02957
TX-103791;461;aprovada;218,11;CLI-00537
TX-103792;442;aprovada;146,82;CLI-01814
TX-103793;319;0;2.018,26;CLI-00135
TX-103794;479;aprovada;620,38;CLI-02766
TX-103795;356;0;255,18;CLI-02931
TX-103796;700;0;2.136,60;CLI-00149
TX-103797;631;0;423,41;CLI-01204
TX-103798;621;0;302,37;CLI-02965
TX-103799;638;aprovada;455,45;CLI-01604
TX-103800;308;0;263,74;CLI-00795
TX-103801;200;0;542,02;CLI-01417
TX-103802;424;aprovada;879,45;CLI-01350
TX-103803;387;aprovada;615,23;CLI-03009
TX-103804;386;0;477,52;CLI-00304
TX-103805;384;aprovada;392,74;CLI-00945
TX-103806;734;0;243,29;CLI-01862
TX-103807;768;0;2.599,36;CLI-00289
TX-103808;460;aprovada;82,86;CLI-02609
TX-103809;533;aprovada;420,47;CLI-00367
TX-103810;567;0;183,25;CLI-01718
TX-103811;682;aprovada;835,94;CLI-01394
TX-103812;608;0;3.413,08;CLI-02422
TX-103813;573;aprovada;463,67;CLI-01662
TX-103814;414;0;268,40;CLI-02135
TX-103815;342;aprovada;507,05;CLI-01083
TX-103816;521;aprovada;663,42;CLI-01847
TX-103817;415;aprovada;610,53;CLI-02783
TX-103818;485;aprovada;121,83;CLI-01463
TX-103819;292;0;539,54;CLI-01584
TX-103820;341;aprovada;502,64;CLI-02470
TX-103821;406;0;88,70;CLI-00927
TX-103822;424;aprovada;1.293,77;CLI-01913
TX-103823;194;0;688,38;CLI-00304
TX-103824;290;aprovada;594,21;CLI-02162
TX-103825;419;0;365,72;CLI-00218
TX-103826;607;aprovada;519,58;CLI-01235
TX-103827;231;aprovada;157,22;CLI-00366
TX-103828;664;0;782,13;CLI-02086
TX-103829;345;0;230,32;CLI-01091
TX-103830;617;aprovada;1.231,76;CLI-00986
TX-103831;542;0;487,52;CLI-00039
TX-103832;374;aprovada;106,64;CLI-02911
TX-103833;740;0;2.074,21;CLI-01814
TX-103834;445;aprovada;685,08;CLI-00700
TX-103835;423;aprovada;3.653,81;CLI-00977
TX-103836;687;0;603,13;CLI-02528
TX-103837;711;aprovada;103,17;CLI-02207
TX-103838;700;0;1.710,13;CLI-00815
TX-103839;377;aprovada;214,22;CLI-02310
TX-103840;548;aprovada;2.360,25;CLI-00463
TX-103841;256;aprovada;413,90;CLI-01462
TX-103842;245;aprovada;607,24;CLI-02313
TX-103843;504;aprovada;109,35;CLI-02101
TX-103844;883;1;608,30;CLI-01900
TX-103845;236;0;382,93;CLI-01691
TX-103846;493;0;796,69;CLI-00624
TX-103847;476;aprovada;70,01;CLI-00014
TX-103848;471;aprovada;431,92;CLI-01381
TX-103849;420;aprovada;254,00;CLI-01172
TX-103850;459;aprovada;385,40;CLI-01752
TX-103851;421;aprovada;598,77;CLI-02626
TX-103852;385;0;92,28;CLI-01130
TX-103853;358;0;1.267,78;CLI-01861
TX-103854;543;0;153,73;CLI-00834
TX-103855;372;0;142,19;CLI-00520
TX-103856;327;0;3.149,32;CLI-00482
TX-103857;783;0;1.470,66;CLI-00043
TX-103858;535;0;888,76;CLI-01112
TX-103859;584;0;267,35;CLI-01126
TX-103860;747;aprovada;166,54;CLI-00545
TX-103861;480;0;822,45;CLI-00594
TX-103862;389;aprovada;426,53;CLI-00868
TX-103863;382;0;1.773,19;CLI-00317
TX-103864;259;aprovada;1.026,84;CLI-00899
TX-103865;567;aprovada;145,81;CLI-00493
TX-103866;404;0;181,71;CLI-02115
TX-103867;506;0;631,28;CLI-02391
TX-103868;317;0;573,04;CLI-01312
TX-103869;522;0;1.016,37;CLI-02384
TX-103870;307;aprovada;365,02;CLI-01699
TX-103871;410;0;272,59;CLI-02021
TX-103872;568;aprovada;537,72;CLI-02694
TX-103873;704;aprovada;132,53;CLI-02104
TX-103874;439;0;448,26;CLI-00478
TX-103875;430;0;368,00;CLI-02919
TX-103876;606;0;774,35;CLI-01238
TX-103877;464;aprovada;500,26;CLI-02745
TX-103878;871;aprovada;410,58;CLI-00737
TX-103879;512;0;298,71;CLI-02534
TX-103880;322;aprovada;283,86;CLI-02443
TX-103881;675;0;272,20;CLI-02034
TX-103882;417;aprovada;395,53;CLI-00005
TX-103883;214;0;475,83;CLI-01374
TX-103884;500;0;3.777,76;CLI-01192
TX-103885;472;aprovada;134,30;CLI-01979
TX-103886;293;0;246,33;CLI-02650
TX-103887;457;0;251,73;CLI-01581
TX-103888;519;0;923,41;CLI-02197
TX-103889;567;0;326,75;CLI-01737
TX-103890;354;aprovada;342,78;CLI-01988
TX-103891;336;aprovada;857,52;CLI-00060
TX-103892;715;0;432,15;CLI-00276
TX-103893;324;aprovada;158,04;CLI-02601
TX-103894;515;aprovada;109,57;CLI-00677
TX-103895;564;0;828,20;CLI-01139
TX-103896;391;0;865,23;CLI-01575
TX-103897;431;aprovada;291,68;CLI-00425
TX-103898;298;aprovada;342,90;CLI-01948
TX-103899;691;aprovada;233,43;CLI-00145
TX-103900;540;aprovada;198,11;CLI-00919
TX-103901;453;0;799,34;CLI-02152
TX-103902;497;0;534,19;CLI-02417
TX-103903;576;0;243,51;CLI-01116
TX-103904;411;aprovada;819,33;CLI-02847
TX-103905;311;aprovada;440,38;CLI-02694
TX-103906;325;aprovada;192,88;CLI-00686
TX-103907;744;aprovada;251,79;CLI-03015
TX-103908;409;0;451,80;CLI-00906
TX-103909;417;0;246,40;CLI-00004
TX-103910;389;aprovada;889,98;CLI-02909
TX-103911;557;aprovada;805,48;CLI-01938
TX-103912;828;1;396,91;CLI-00408
TX-103913;626;aprovada;242,53;CLI-01086
TX-103914;300;aprovada;389,20;CLI-00664
TX-103915;505;0;1.564,03;CLI-00142
TX-103916;438;0;153,25;CLI-02008
TX-103917;610;0;489,38;CLI-02750
TX-103918;642;aprovada;1.451,01;CLI-02763
TX-103919;562;0;570,64;CLI-02086
TX-103920;576;0;979,11;CLI-01418
TX-103921;493;aprovada;333,33;CLI-01654
TX-103922;502;0;114,62;CLI-01078
TX-103923;695;aprovada;168,31;CLI-00533
TX-103924;494;aprovada;71,60;CLI-02665
TX-103925;428;aprovada;49,44;CLI-01468
TX-103926;359;0;719,58;CLI-00708
TX-103927;346;aprovada;565,10;CLI-00693
TX-103928;420;0;491,09;CLI-02497
TX-103929;411;aprovada;563,91;CLI-00853
TX-103930;672;aprovada;275,03;CLI-01575
TX-103931;536;aprovada;468,25;CLI-01356
TX-103932;858;aprovada;691,01;CLI-00549
TX-103933;448;aprovada;452,54;CLI-00245
TX-103934;365;0;742,95;CLI-01361
TX-103935;614;0;348,49;CLI-00199
TX-103936;587;0;466,20;CLI-01327
TX-103937;611;0;843,19;CLI-02210
TX-103938;715;0;2.225,92;CLI-01770
TX-103939;341;0;471,02;CLI-01334
TX-103940;372;0;462,78;CLI-02542
TX-103941;640;aprovada;374,92;CLI-01796
TX-103942;737;aprovada;444,58;CLI-00548
TX-103943;523;aprovada;139,33;CLI-02354
TX-103944;528;aprovada;823,77;CLI-00670
TX-103945;575;0;126,53;CLI-02258
TX-103946;487;0;276,67;CLI-01370
TX-103947;405;0;373,72;CLI-02836
TX-103948;457;0;1.435,98;CLI-02085
TX-103949;613;aprovada;313,73;CLI-00185
TX-103950;427;aprovada;305,44;CLI-00015
TX-103951;736;aprovada;485,26;CLI-02128
TX-103952;538;0;124,22;CLI-00381
TX-103953;716;aprovada;841,75;CLI-01882
TX-103954;480;aprovada;397,27;CLI-02998
TX-103955;458;aprovada;239,43;CLI-00902
TX-103956;512;aprovada;320,38;CLI-00101
TX-103957;553;aprovada;317,67;CLI-02891
TX-103958;312;0;4.035,34;CLI-02373
TX-103959;472;aprovada;283,37;CLI-01296
TX-103960;393;aprovada;2.463,62;CLI-00443
TX-103961;543;0;206,93;CLI-02893
TX-103962;577;0;629,86;CLI-00738
TX-103963;478;aprovada;520,88;CLI-00738
TX-103964;547;aprovada;79,56;CLI-00959
TX-103965;397;aprovada;681,17;CLI-01277
TX-103966;467;aprovada;4.436,50;CLI-02552
TX-103967;437;0;228,19;CLI-01768
TX-103968;630;0;140,61;CLI-00387
TX-103969;448;0;239,90;CLI-01249
TX-103970;387;0;424,79;CLI-01822
TX-103971;502;aprovada;141,34;CLI-00798
TX-103972;739;0;287,41;CLI-02462
TX-103973;521;aprovada;144,61;CLI-02269
TX-103974;496;0;913,96;CLI-02058
TX-103975;475;aprovada;528,99;CLI-01992
TX-103976;494;0;1.776,64;CLI-02281
TX-103977;583;aprovada;186,46;CLI-02446
TX-103978;347;aprovada;156,91;CLI-01278
TX-103979;403;0;249,37;CLI-02074
TX-103980;717;aprovada;486,63;CLI-00679
TX-103981;375;0;216,50;CLI-00283
TX-103982;652;aprovada;879,47;CLI-00207
TX-103983;644;aprovada;434,34;CLI-01675
TX-103984;392;aprovada;854,98;CLI-01811
TX-103985;626;0;564,60;CLI-00355
TX-103986;341;aprovada;403,87;CLI-01052
TX-103987;647;aprovada;122,20;CLI-02616
TX-103988;557;aprovada;210,98;CLI-02108
TX-103989;470;0;313,28;CLI-01556
TX-103990;837;aprovada;497,32;CLI-02130
TX-103991;642;0;554,66;CLI-00084
TX-103992;300;0;440,38;CLI-02035
TX-103993;659;0;247,76;CLI-01184
TX-103994;503;aprovada;870,38;CLI-00200
TX-103995;351;0;1.379,96;CLI-02069
TX-103996;379;aprovada;422,78;CLI-00736
TX-103997;632;aprovada;1.052,25;CLI-02810
TX-103998;517;aprovada;461,53;CLI-02065
TX-103999;481;aprovada;2.253,02;CLI-02321
TX-104000;346;aprovada;490,49;CLI-00182
TX-104001;608;aprovada;151,26;CLI-02049
TX-104002;346;0;479,30;CLI-02303
TX-104003;360;aprovada;294,51;CLI-02415
TX-104004;476;0;609,58;CLI-02127
TX-104005;361;aprovada;918,58;CLI-01194
TX-104006;235;aprovada;113,94;CLI-01848
TX-104007;591;0;233,45;CLI-02440
TX-104008;679;0;2.022,38;CLI-00161
TX-104009;653;aprovada;321,77;CLI-02628
TX-104010;455;0;167,77;CLI-02721
TX-104011;408;0;442,93;CLI-02128
TX-104012;540;aprovada;151,51;CLI-00339
TX-104013;272;0;505,23;CLI-00519
TX-104014;583;aprovada;1.000,74;CLI-00473
TX-104015;547;aprovada;215,01;CLI-00859
TX-104016;340;aprovada;429,70;CLI-00817
TX-104017;651;0;131,08;CLI-01175
TX-104018;323;0;119,86;CLI-00174
TX-104019;548;0;403,61;CLI-00138
TX-104020;649;aprovada;184,37;CLI-01960
TX-104021;463;aprovada;1.149,02;CLI-00504
TX-104022;472;aprovada;754,99;CLI-02044
TX-104023;436;0;328,93;CLI-00295
TX-104024;629;aprovada;2.328,70;CLI-02257
TX-104025;359;aprovada;222,49;CLI-02662
TX-104026;464;0;489,72;CLI-00885
TX-104027;536;0;311,68;CLI-00019
TX-104028;492;aprovada;668,21;CLI-02199
TX-104029;342;aprovada;628,29;CLI-01539
TX-104030;653;0;1.999,89;CLI-00150
TX-104031;792;0;1.307,09;CLI-01847
TX-104032;598;0;1.540,45;CLI-00256
TX-104033;327;0;267,10;CLI-02879
TX-104034;418;aprovada;107,34;CLI-01123
TX-104035;560;0;432,00;CLI-00861
TX-104036;555;0;152,57;CLI-00793
TX-104037;589;0;392,32;CLI-02326
TX-104038;499;aprovada;166,84;CLI-02151
TX-104039;416;aprovada;159,81;CLI-02603
TX-104040;463;aprovada;198,82;CLI-00938
TX-104041;552;aprovada;496,97;CLI-02906
TX-104042;433;aprovada;544,33;CLI-00574
TX-104043;327;aprovada;97,64;CLI-00786
TX-104044;345;aprovada;90,12;CLI-00193
TX-104045;501;aprovada;797,38;CLI-00110
TX-104046;534;aprovada;269,86;CLI-02461
TX-104047;632;aprovada;1.264,85;CLI-00025
TX-104048;437;aprovada;168,20;CLI-02932
TX-104049;659;0;359,25;CLI-00835
TX-104050;592;aprovada;1.645,64;CLI-01691
TX-104051;284;aprovada;144,77;CLI-00370
TX-104052;504;aprovada;429,70;CLI-00269
TX-104053;360;0;843,76;CLI-01730
TX-104054;519;aprovada;249,75;CLI-00905
TX-104055;722;0;512,56;CLI-02011
TX-104056;595;aprovada;329,48;CLI-01029
TX-104057;605;aprovada;517,74;CLI-02827
TX-104058;705;aprovada;303,27;CLI-01377
TX-104059;525;aprovada;410,35;CLI-01260
TX-104060;624;aprovada;147,99;CLI-00614
TX-104061;660;0;176,64;CLI-01768
TX-104062;524;0;343,49;CLI-02230
TX-104063;714;0;1.454,30;CLI-01735
TX-104064;425;0;557,52;CLI-01621
TX-104065;522;0;277,11;CLI-00202
TX-104066;680;0;864,16;CLI-01267
TX-104067;454;aprovada;702,27;CLI-01731
TX-104068;410;0;354,55;CLI-01040
TX-104069;580;aprovada;793,56;CLI-00036
TX-104070;479;aprovada;1.211,19;CLI-00024
TX-104071;350;0;149,92;CLI-01501
TX-104072;681;aprovada;492,68;CLI-01754
TX-104073;498;aprovada;708,45;CLI-01662
TX-104074;641;0;215,07;CLI-00344
TX-104075;661;aprovada;962,45;CLI-00100
TX-104076;752;0;1.774,75;CLI-00641
TX-104077;405;aprovada;695,17;CLI-02972
TX-104078;456;0;34,24;CLI-00710
TX-104079;189;0;1.230,39;CLI-00027
TX-104080;430;aprovada;313,46;CLI-01749
TX-104081;744;aprovada;303,67;CLI-02903
TX-104082;701;aprovada;208,61;CLI-01809
TX-104083;657;aprovada;846,99;CLI-00134
TX-104084;400;aprovada;87,12;CLI-02418
TX-104085;613;0;276,89;CLI-02662
TX-104086;558;aprovada;1.119,60;CLI-01639
TX-104087;525;0;385,56;CLI-01106
TX-104088;435;0;39,57;CLI-02827
TX-104089;266;aprovada;1.525,55;CLI-02454
TX-104090;536;aprovada;327,41;CLI-00328
TX-104091;602;1;146,73;CLI-02192
TX-104092;710;1;138,82;CLI-00489
TX-104093;539;0;187,85;CLI-01083
TX-104094;675;0;372,84;CLI-00281
TX-104095;513;0;77,48;CLI-00327
TX-104096;605;aprovada;320,49;CLI-02892
TX-104097;371;aprovada;189,74;CLI-00923
TX-104098;682;0;344,78;CLI-01260
TX-104099;160;0;143,28;CLI-02886
TX-104100;250;0;203,27;CLI-02604
TX-104101;577;aprovada;2.363,10;CLI-01614
TX-104102;642;aprovada;197,28;CLI-01460
TX-104103;588;0;839,74;CLI-00037
TX-104104;646;aprovada;559,83;CLI-01470
TX-104105;498;0;279,72;CLI-01611
TX-104106;627;0;270,89;CLI-02171
TX-104107;704;aprovada;158,82;CLI-01658
TX-104108;400;0;353,83;CLI-00902
TX-104109;676;aprovada;945,30;CLI-01154
TX-104110;660;aprovada;2.182,01;CLI-00184
TX-104111;380;0;741,78;CLI-01886
TX-104112;537;aprovada;1.090,48;CLI-02517
TX-104113;525;0;196,54;CLI-02705
TX-104114;661;aprovada;283,22;CLI-02926
TX-104115;543;0;1.175,00;CLI-00564
TX-104116;508;aprovada;321,52;CLI-00117
TX-104117;563;aprovada;1.955,75;CLI-01050
TX-104118;431;0;135,96;CLI-02306
TX-104119;627;0;1.527,44;CLI-02681
TX-104120;517;0;1.927,80;CLI-00387
TX-104121;472;aprovada;95,90;CLI-01909
TX-104122;584;0;223,94;CLI-00503
TX-104123;527;aprovada;3.023,55;CLI-02212
TX-104124;477;aprovada;2.988,56;CLI-00233
TX-104125;512;0;308,93;CLI-01550
TX-104126;653;aprovada;870,37;CLI-02975
TX-104127;412;aprovada;189,38;CLI-01162
TX-104128;475;aprovada;48,11;CLI-00408
TX-104129;455;0;513,39;CLI-00582
TX-104130;43;0;840,21;CLI-02490
TX-104131;500;aprovada;143,42;CLI-01745
TX-104132;231;0;681,21;CLI-01062
TX-104133;314;aprovada;1.436,07;CLI-01346
TX-104134;392;0;125,56;CLI-01051
TX-104135;732;aprovada;1.187,74;CLI-01658
TX-104136;708;chargeback;278,64;CLI-00170
TX-104137;278;0;307,92;CLI-01412
TX-104138;487;aprovada;702,41;CLI-00581
TX-104139;401;0;573,57;CLI-00994
TX-104140;427;0;403,96;CLI-01487
TX-104141;440;aprovada;84,61;CLI-00077
TX-104142;633;0;860,28;CLI-00858
TX-104143;470;aprovada;876,51;CLI-01138
TX-104144;547;0;920,24;CLI-02010
TX-104145;392;aprovada;1.206,94;CLI-00978
TX-104146;607;aprovada;270,42;CLI-00636
TX-104147;420;aprovada;593,65;CLI-01040
TX-104148;583;0;783,07;CLI-02484
TX-104149;607;aprovada;790,10;CLI-01351
TX-104150;416;aprovada;236,98;CLI-02951
TX-104151;146;aprovada;297,06;CLI-00111
TX-104152;685;0;903,34;CLI-02464
TX-104153;527;0;335,64;CLI-01181
TX-104154;563;aprovada;222,96;CLI-00374
TX-104155;556;0;679,10;CLI-02704
TX-104156;566;0;137,68;CLI-01155
TX-104157;223;aprovada;349,03;CLI-02144
TX-104158;705;0;411,45;CLI-00438
TX-104159;346;aprovada;242,26;CLI-02433
TX-104160;568;0;478,93;CLI-01954
TX-104161;447;0;160,36;CLI-01052
TX-104162;741;0;246,08;CLI-01138
TX-104163;433;0;614,33;CLI-01444
TX-104164;269;aprovada;226,30;CLI-01108
TX-104165;853;0;215,22;CLI-00899
TX-104166;713;0;402,33;CLI-00957
TX-104167;548;0;545,14;CLI-00719
TX-104168;552;0;326,74;CLI-01336
TX-104169;622;0;161,70;CLI-01668
TX-104170;613;aprovada;51,90;CLI-02449
TX-104171;453;aprovada;90,83;CLI-01296
TX-104172;287;aprovada;214,86;CLI-02291
TX-104173;607;0;451,19;CLI-02265
TX-104174;556;aprovada;168,52;CLI-02814
TX-104175;838;1;136,07;CLI-00349
TX-104176;512;0;2.366,68;CLI-01241
TX-104177;467;0;473,33;CLI-01092
TX-104178;586;aprovada;475,40;CLI-02227
TX-104179;610;aprovada;41,44;CLI-00386
TX-104180;322;aprovada;739,74;CLI-02376
TX-104181;301;aprovada;490,17;CLI-02028
TX-104182;370;aprovada;171,58;CLI-02245
TX-104183;425;0;510,21;CLI-00519
TX-104184;738;0;302,46;CLI-01197
TX-104185;517;0;112,93;CLI-02097
TX-104186;222;aprovada;459,83;CLI-01899
TX-104187;596;aprovada;161,85;CLI-01753
TX-104188;749;aprovada;347,97;CLI-00440
TX-104189;518;aprovada;102,74;CLI-00091
TX-104190;630;aprovada;772,77;CLI-00783
TX-104191;330;0;322,76;CLI-00887
TX-104192;207;0;220,08;CLI-01210
TX-104193;643;0;727,83;CLI-00780
TX-104194;328;aprovada;588,82;CLI-02240
TX-104195;509;aprovada;458,72;CLI-01971
TX-104196;367;aprovada;148,72;CLI-01527
TX-104197;783;chargeback;966,23;CLI-00359
TX-104198;564;0;1.110,08;CLI-02839
TX-104199;455;0;102,96;CLI-02954
TX-104200;549;aprovada;447,40;CLI-00846
TX-104201;499;aprovada;246,89;CLI-02171
TX-104202;393;aprovada;310,34;CLI-02199
TX-104203;359;0;208,22;CLI-00834
TX-104204;290;aprovada;1.163,44;CLI-02615
TX-104205;494;aprovada;314,33;CLI-00548
TX-104206;379;0;61,19;CLI-02709
TX-104207;476;aprovada;951,00;CLI-01772
TX-104208;454;aprovada;45,18;CLI-01421
TX-104209;236;aprovada;149,21;CLI-02147
TX-104210;622;aprovada;399,05;CLI-02133
TX-104211;503;aprovada;2.170,96;CLI-02425
TX-104212;548;aprovada;561,08;CLI-01300
TX-104213;616;0;183,43;CLI-00623
TX-104214;220;aprovada;3.942,71;CLI-00335
TX-104215;419;aprovada;1.439,92;CLI-01932
TX-104216;509;aprovada;413,22;CLI-00700
TX-104217;732;aprovada;402,55;CLI-00448
TX-104218;626;0;110,68;CLI-02000
TX-104219;386;aprovada;142,78;CLI-01093
TX-104220;745;0;210,37;CLI-02012
TX-104221;808;aprovada;1.372,97;CLI-02290
TX-104222;773;aprovada;1.421,85;CLI-00591
TX-104223;625;aprovada;549,45;CLI-02007
TX-104224;583;aprovada;311,57;CLI-00606
TX-104225;422;0;219,85;CLI-01762
TX-104226;465;aprovada;98,54;CLI-02652
TX-104227;499;aprovada;801,11;CLI-02999
TX-104228;364;0;593,92;CLI-00508
TX-104229;416;0;122,21;CLI-02896
TX-104230;560;aprovada;1.934,42;CLI-02067
TX-104231;547;aprovada;361,71;CLI-00093
TX-104232;319;aprovada;714,95;CLI-01591
TX-104233;629;0;205,19;CLI-01467
TX-104234;530;0;269,26;CLI-02265
TX-104235;554;0;225,11;CLI-01996
TX-104236;494;0;412,17;CLI-00407
TX-104237;567;0;587,90;CLI-00175
TX-104238;615;aprovada;203,53;CLI-02758
TX-104239;537;aprovada;311,92;CLI-01617
TX-104240;354;0;168,94;CLI-02046
TX-104241;456;aprovada;120,43;CLI-02551
TX-104242;369;0;839,22;CLI-00864
TX-104243;568;0;724,06;CLI-02986
TX-104244;352;aprovada;1.217,86;CLI-00003
TX-104245;241;aprovada;316,97;CLI-00783
TX-104246;398;aprovada;475,23;CLI-00894
TX-104247;509;aprovada;236,57;CLI-00575
TX-104248;394;0;309,80;CLI-01516
TX-104249;437;0;647,22;CLI-00687
TX-104250;446;aprovada;578,13;CLI-01568
TX-104251;837;aprovada;477,20;CLI-00680
TX-104252;390;0;391,53;CLI-01832
TX-104253;488;0;468,93;CLI-00767
TX-104254;582;0;408,81;CLI-01162
TX-104255;268;aprovada;191,78;CLI-00300
TX-104256;323;aprovada;300,67;CLI-01006
TX-104257;486;0;1.236,66;CLI-02383
TX-104258;560;aprovada;262,07;CLI-02775
TX-104259;413;aprovada;44,25;CLI-01687
TX-104260;683;aprovada;317,88;CLI-02558
TX-104261;388;aprovada;366,38;CLI-00769
TX-104262;270;0;316,40;CLI-00789
TX-104263;408;aprovada;743,50;CLI-02657
TX-104264;544;0;208,61;CLI-02489
TX-104265;670;aprovada;228,72;CLI-00699
TX-104266;362;0;1.564,30;CLI-01528
TX-104267;414;aprovada;42,60;CLI-00852
TX-104268;570;0;380,10;CLI-02991
TX-104269;389;0;152,91;CLI-01540
TX-104270;486;aprovada;750,98;CLI-00397
TX-104271;563;0;838,61;CLI-01121
TX-104272;632;aprovada;639,11;CLI-02787
TX-104273;455;0;1.950,07;CLI-00531
TX-104274;697;0;485,27;CLI-02075
TX-104275;557;aprovada;1.183,29;CLI-00911
TX-104276;586;aprovada;160,75;CLI-01553
TX-104277;383;0;404,45;CLI-01849
TX-104278;474;aprovada;724,63;CLI-02005
TX-104279;597;aprovada;478,12;CLI-00729
TX-104280;387;0;366,52;CLI-02264
TX-104281;500;0;1.355,36;CLI-01044
TX-104282;650;0;367,50;CLI-01885
TX-104283;440;aprovada;957,35;CLI-00154
TX-104284;334;0;1.039,45;CLI-01076
TX-104285;241;aprovada;1.134,36;CLI-00454
TX-104286;372;aprovada;438,88;CLI-01231
TX-104287;538;aprovada;188,23;CLI-00547
TX-104288;312;0;489,89;CLI-02793
TX-104289;417;0;76,52;CLI-02496
TX-104290;373;aprovada;247,17;CLI-02997
TX-104291;555;0;651,33;CLI-00817
TX-104292;509;0;780,67;CLI-01409
TX-104293;572;aprovada;556,31;CLI-02260
TX-104294;727;0;26,39;CLI-00298
TX-104295;541;aprovada;789,07;CLI-02049
TX-104296;382;0;110,06;CLI-00151
TX-104297;621;0;213,81;CLI-01909
TX-104298;461;0;71,42;CLI-00576
TX-104299;665;aprovada;187,94;CLI-02596
TX-104300;447;0;766,95;CLI-00737
TX-104301;318;aprovada;742,00;CLI-00120
TX-104302;510;0;722,53;CLI-00899
TX-104303;577;0;151,73;CLI-00833
TX-104304;291;aprovada;354,49;CLI-02440
TX-104305;732;1;480,82;CLI-01462
TX-104306;544;0;462,97;CLI-02569
TX-104307;432;0;338,43;CLI-01844
TX-104308;633;0;358,89;CLI-01436
TX-104309;217;0;166,33;CLI-02622
TX-104310;498;aprovada;357,97;CLI-01896
TX-104311;429;aprovada;146,88;CLI-00925
TX-104312;467;aprovada;1.492,09;CLI-00318
TX-104313;476;aprovada;384,29;CLI-01929
TX-104314;462;aprovada;176,73;CLI-01178
TX-104315;418;0;196,38;CLI-02101
TX-104316;509;0;116,96;CLI-01449
TX-104317;671;0;358,76;CLI-01011
TX-104318;574;0;922,14;CLI-00750
TX-104319;555;0;1.607,37;CLI-00016
TX-104320;460;0;340,32;CLI-02038
TX-104321;485;aprovada;889,90;CLI-02066
TX-104322;683;0;144,34;CLI-02266
TX-104323;413;0;353,63;CLI-00773
TX-104324;634;aprovada;375,43;CLI-00231
TX-104325;627;aprovada;185,34;CLI-00151
TX-104326;417;aprovada;183,17;CLI-00947
TX-104327;518;0;544,28;CLI-00706
TX-104328;366;aprovada;884,00;CLI-00779
TX-104329;601;0;270,22;CLI-01438
TX-104330;529;aprovada;342,78;CLI-01939
TX-104331;818;0;606,78;CLI-01089
TX-104332;443;aprovada;131,17;CLI-00668
TX-104333;457;aprovada;617,13;CLI-01584
TX-104334;388;aprovada;267,06;CLI-02439
TX-104335;447;aprovada;85,96;CLI-01955
TX-104336;510;aprovada;293,32;CLI-01378
TX-104337;345;aprovada;397,46;CLI-01714
TX-104338;255;0;278,34;CLI-00937
TX-104339;414;aprovada;247,28;CLI-01525
TX-104340;618;0;1.179,65;CLI-02063
TX-104341;412;0;771,34;CLI-00457
TX-104342;489;aprovada;172,03;CLI-01489
TX-104343;123;0;95,67;CLI-02370
TX-104344;410;0;75,18;CLI-02408
TX-104345;574;aprovada;846,28;CLI-01778
TX-104346;667;0;191,46;CLI-01814
TX-104347;573;aprovada;720,73;CLI-00624
TX-104348;621;aprovada;443,49;CLI-00941
TX-104349;494;0;274,86;CLI-00858
TX-104350;645;0;891,65;CLI-02309
TX-104351;588;aprovada;189,86;CLI-02794
TX-104352;492;aprovada;580,44;CLI-01026
TX-104353;674;aprovada;201,23;CLI-02744
TX-104354;421;0;315,74;CLI-02529
TX-104355;376;aprovada;766,48;CLI-00796
TX-104356;407;aprovada;355,62;CLI-01727
TX-104357;390;0;794,87;CLI-00372
TX-104358;553;0;728,46;CLI-02355
TX-104359;712;0;199,94;CLI-02564
TX-104360;381;0;252,70;CLI-01782
TX-104361;474;0;438,13;CLI-02375
TX-104362;431;aprovada;1.328,53;CLI-02372
TX-104363;498;aprovada;600,42;CLI-00283
TX-104364;604;aprovada;268,34;CLI-01504
TX-104365;254;aprovada;424,19;CLI-02104
TX-104366;585;aprovada;215,83;CLI-01235
TX-104367;399;aprovada;1.893,65;CLI-01415
TX-104368;523;0;1.018,46;CLI-02548
TX-104369;735;aprovada;1.263,92;CLI-01236
TX-104370;509;aprovada;170,59;CLI-00142
TX-104371;594;0;186,75;CLI-01154
TX-104372;537;0;171,77;CLI-00281
TX-104373;774;aprovada;152,93;CLI-02152
TX-104374;455;0;161,32;CLI-00966
TX-104375;810;aprovada;435,33;CLI-00026
TX-104376;533;0;328,74;CLI-01198
TX-104377;478;aprovada;851,28;CLI-01441
TX-104378;517;0;968,43;CLI-01583
TX-104379;403;aprovada;229,59;CLI-00397
TX-104380;343;0;533,37;CLI-02597
TX-104381;548;0;208,99;CLI-00217
TX-104382;692;0;1.104,37;CLI-00822
TX-104383;471;aprovada;752,90;CLI-02758
TX-104384;564;0;176,07;CLI-00193
TX-104385;780;aprovada;720,79;CLI-02775
TX-104386;874;aprovada;243,49;CLI-02844
TX-104387;542;aprovada;190,30;CLI-00483
TX-104388;352;aprovada;381,51;CLI-02419
TX-104389;656;aprovada;99,44;CLI-00035
TX-104390;443;0;923,42;CLI-02940
TX-104391;552;0;568,83;CLI-01704
TX-104392;265;0;623,65;CLI-02607
TX-104393;519;0;988,18;CLI-02453
TX-104394;398;0;942,50;CLI-02125
TX-104395;577;0;48,92;CLI-01766
TX-104396;952;0;125,72;CLI-00509
TX-104397;739;0;312,81;CLI-01105
TX-104398;467;0;223,23;CLI-01398
TX-104399;520;aprovada;197,31;CLI-02557
TX-104400;437;0;318,54;CLI-00854
TX-104401;671;1;1.346,28;CLI-01072
TX-104402;287;aprovada;436,59;CLI-02354
TX-104403;592;0;1.381,87;CLI-01128
TX-104404;759;0;917,02;CLI-02644
TX-104405;443;aprovada;66,42;CLI-01301
TX-104406;886;0;1.167,27;CLI-02591
TX-104407;452;0;1.364,35;CLI-02513
TX-104408;395;0;93,51;CLI-02368
TX-104409;500;0;333,22;CLI-02387
TX-104410;569;0;565,59;CLI-02257
TX-104411;534;aprovada;264,64;CLI-00211
TX-104412;481;0;521,58;CLI-01664
TX-104413;220;aprovada;206,28;CLI-02981
TX-104414;483;aprovada;374,20;CLI-00695
TX-104415;513;aprovada;1.523,60;CLI-01899
TX-104416;473;0;148,63;CLI-00057
TX-104417;724;aprovada;364,99;CLI-01921
TX-104418;445;0;677,65;CLI-02375
TX-104419;807;chargeback;360,85;CLI-01763
TX-104420;571;aprovada;427,03;CLI-02912
TX-104421;366;0;538,05;CLI-01861
TX-104422;395;0;134,14;CLI-00971
TX-104423;682;aprovada;71,29;CLI-01424
TX-104424;665;0;59,78;CLI-00618
TX-104425;536;0;956,65;CLI-00467
TX-104426;390;0;522,31;CLI-00818
TX-104427;598;0;2.114,46;CLI-01783
TX-104428;279;aprovada;155,49;CLI-02799
TX-104429;629;aprovada;486,85;CLI-02544
TX-104430;577;aprovada;115,48;CLI-02017
TX-104431;708;aprovada;461,24;CLI-00339
TX-104432;829;aprovada;272,36;CLI-00643
TX-104433;673;0;163,06;CLI-00879
TX-104434;745;aprovada;138,81;CLI-01567
TX-104435;219;0;227,98;CLI-00051
TX-104436;767;aprovada;596,85;CLI-02209
TX-104437;647;aprovada;251,15;CLI-01435
TX-104438;448;aprovada;615,27;CLI-01830
TX-104439;692;0;208,67;CLI-01080
TX-104440;757;aprovada;773,07;CLI-00172
TX-104441;480;aprovada;953,70;CLI-01403
TX-104442;434;0;1.327,26;CLI-02932
TX-104443;531;0;245,45;CLI-01973
TX-104444;649;chargeback;157,48;CLI-02882
TX-104445;494;aprovada;409,25;CLI-02524
TX-104446;479;aprovada;589,80;CLI-00613
TX-104447;346;0;943,22;CLI-01230
TX-104448;754;aprovada;52,29;CLI-02883
TX-104449;465;aprovada;206,95;CLI-01168
TX-104450;429;aprovada;491,89;CLI-00775
TX-104451;433;0;494,52;CLI-00013
TX-104452;345;aprovada;99,54;CLI-02018
TX-104453;485;aprovada;123,14;CLI-01775
TX-104454;478;0;323,32;CLI-01280
TX-104455;232;0;547,52;CLI-01207
TX-104456;573;aprovada;76,22;CLI-02668
TX-104457;460;aprovada;1.070,36;CLI-01070
TX-104458;537;0;299,39;CLI-01979
TX-104459;342;aprovada;304,07;CLI-02924
TX-104460;432;0;839,11;CLI-02278
TX-104461;628;aprovada;1.356,27;CLI-00947
TX-104462;616;aprovada;108,60;CLI-01608
TX-104463;711;0;302,56;CLI-01198
TX-104464;325;aprovada;247,79;CLI-00483
TX-104465;347;aprovada;298,69;CLI-01921
TX-104466;330;aprovada;54,33;CLI-00949
TX-104467;452;aprovada;233,33;CLI-01347
TX-104468;619;0;419,90;CLI-00282
TX-104469;524;aprovada;301,80;CLI-02009
TX-104470;281;0;437,17;CLI-00222
TX-104471;506;0;118,00;CLI-01486
TX-104472;598;0;963,75;CLI-00126
TX-104473;500;0;522,34;CLI-01823
TX-104474;138;aprovada;1.622,39;CLI-00833
TX-104475;855;chargeback;2.150,54;CLI-00142
TX-104476;742;0;2.684,21;CLI-00652
TX-104477;589;aprovada;284,80;CLI-02055
TX-104478;586;aprovada;1.920,05;CLI-01833
TX-104479;510;0;2.778,71;CLI-01523
TX-104480;617;0;186,60;CLI-01034
TX-104481;579;aprovada;1.082,10;CLI-01942
TX-104482;546;0;165,77;CLI-00743
TX-104483;388;aprovada;482,19;CLI-00616
TX-104484;400;0;1.173,56;CLI-00806
TX-104485;302;aprovada;1.043,29;CLI-01973
TX-104486;270;0;524,79;CLI-02453
TX-104487;343;0;438,44;CLI-02924
TX-104488;657;aprovada;304,51;CLI-01180
TX-104489;761;0;267,12;CLI-00890
TX-104490;133;aprovada;105,13;CLI-01049
TX-104491;413;0;224,65;CLI-02577
TX-104492;488;0;157,18;CLI-02725
TX-104493;371;aprovada;177,85;CLI-01691
TX-104494;368;0;913,24;CLI-01812
TX-104495;335;aprovada;1.403,46;CLI-00333
TX-104496;672;0;273,12;CLI-02863
TX-104497;811;1;1.674,03;CLI-02625
TX-104498;402;aprovada;531,34;CLI-02045
TX-104499;682;aprovada;196,79;CLI-02865
TX-104500;637;0;254,98;CLI-00020
TX-104501;494;0;79,60;CLI-02449
TX-104502;741;aprovada;1.601,85;CLI-02900
TX-104503;702;aprovada;1.776,42;CLI-02714
TX-104504;443;aprovada;176,44;CLI-02391
TX-104505;629;0;417,99;CLI-02835
TX-104506;221;0;267,67;CLI-00083
TX-104507;508;aprovada;320,94;CLI-02774
TX-104508;493;0;158,23;CLI-02105
TX-104509;472;aprovada;222,48;CLI-02342
TX-104510;591;aprovada;533,74;CLI-01089
TX-104511;629;aprovada;767,35;CLI-00607
TX-104512;729;1;532,44;CLI-02030
TX-104513;523;0;868,30;CLI-00889
TX-104514;335;aprovada;400,22;CLI-02935
TX-104515;599;0;137,67;CLI-00606
TX-104516;328;aprovada;658,87;CLI-00320
TX-104517;713;0;75,61;CLI-02741
TX-104518;374;aprovada;276,76;CLI-00376
TX-104519;327;aprovada;2.243,79;CLI-00603
TX-104520;358;0;92,11;CLI-00194
TX-104521;564;0;1.115,96;CLI-01577
TX-104522;362;aprovada;171,85;CLI-01178
TX-104523;523;0;166,49;CLI-02338
TX-104524;518;0;526,95;CLI-01123
TX-104525;458;aprovada;1.666,82;CLI-02420
TX-104526;257;aprovada;384,43;CLI-01079
TX-104527;328;aprovada;1.342,76;CLI-01074
TX-104528;440;aprovada;1.135,12;CLI-02408
TX-104529;508;0;387,62;CLI-00064
TX-104530;622;aprovada;221,33;CLI-02308
TX-104531;713;0;99,67;CLI-01693
TX-104532;116;0;56,54;CLI-02802
TX-104533;440;0;421,33;CLI-02636
TX-104534;519;0;161,85;CLI-00846
TX-104535;455;0;2.061,82;CLI-01622
TX-104536;468;0;371,37;CLI-02106
TX-104537;533;aprovada;1.310,88;CLI-01118
TX-104538;473;aprovada;1.961,40;CLI-01434
TX-104539;274;0;1.906,55;CLI-02958
TX-104540;326;0;1.014,91;CLI-01981
TX-104541;479;0;499,54;CLI-02260
TX-104542;396;0;1.076,47;CLI-02074
TX-104543;487;0;378,43;CLI-02812
TX-104544;831;aprovada;485,68;CLI-02641
TX-104545;649;aprovada;197,27;CLI-00394
TX-104546;346;0;483,07;CLI-01692
TX-104547;446;aprovada;124,19;CLI-02591
TX-104548;692;aprovada;59,64;CLI-00739
TX-104549;681;aprovada;756,27;CLI-00277
TX-104550;753;aprovada;401,44;CLI-01730
TX-104551;378;0;495,48;CLI-02766
TX-104552;714;aprovada;778,36;CLI-00641
TX-104553;499;aprovada;510,56;CLI-02213
TX-104554;414;aprovada;503,86;CLI-01263
TX-104555;707;0;1.062,52;CLI-00992
TX-104556;460;0;157,45;CLI-00562
TX-104557;618;aprovada;894,93;CLI-01591
TX-104558;334;aprovada;66,49;CLI-00519
TX-104559;498;0;65,55;CLI-01194
TX-104560;403;aprovada;1.650,79;CLI-00850
TX-104561;262;0;421,56;CLI-01214
TX-104562;300;aprovada;910,14;CLI-00206
TX-104563;446;0;77,62;CLI-01888
TX-104564;734;0;166,80;CLI-02978
TX-104565;673;0;1.225,63;CLI-01777
TX-104566;363;0;403,66;CLI-01015
TX-104567;553;0;159,37;CLI-00714
TX-104568;386;aprovada;852,65;CLI-00846
TX-104569;568;0;313,56;CLI-00843
TX-104570;561;0;3.156,28;CLI-00815
TX-104571;686;0;436,31;CLI-01797
TX-104572;454;aprovada;999,30;CLI-00578
TX-104573;588;aprovada;1.660,46;CLI-02449
TX-104574;629;aprovada;163,82;CLI-01957
TX-104575;452;0;290,48;CLI-02075
TX-104576;477;0;812,75;CLI-02247
TX-104577;751;1;1.005,65;CLI-01666
TX-104578;369;aprovada;145,25;CLI-02926
TX-104579;678;0;945,43;CLI-00121
TX-104580;634;aprovada;166,70;CLI-00872
TX-104581;426;aprovada;263,15;CLI-00793
TX-104582;679;aprovada;571,95;CLI-00775
TX-104583;564;0;313,31;CLI-00998
TX-104584;538;0;524,31;CLI-02420
TX-104585;594;aprovada;305,01;CLI-01027
TX-104586;641;0;1.088,01;CLI-01583
TX-104587;341;aprovada;499,87;CLI-00596
TX-104588;564;aprovada;278,53;CLI-00769
TX-104589;426;aprovada;151,20;CLI-01445
TX-104590;644;0;195,62;CLI-01800
TX-104591;546;0;739,14;CLI-00105
TX-104592;397;aprovada;161,28;CLI-00434
TX-104593;473;aprovada;137,51;CLI-01416
TX-104594;492;aprovada;38,45;CLI-00168
TX-104595;394;0;408,75;CLI-01855
TX-104596;609;0;125,32;CLI-01493
TX-104597;261;0;475,41;CLI-00572
TX-104598;469;aprovada;195,78;CLI-02137
TX-104599;554;aprovada;233,48;CLI-01630
TX-104600;125;aprovada;499,74;CLI-01528
TX-104601;380;aprovada;794,23;CLI-01574
TX-104602;670;aprovada;82,86;CLI-00247
TX-104603;564;1;290,39;CLI-01000
TX-104604;454;aprovada;94,99;CLI-03012
TX-104605;177;aprovada;1.015,71;CLI-01844
TX-104606;641;aprovada;66,81;CLI-02115
TX-104607;714;aprovada;635,16;CLI-02966
TX-104608;407;aprovada;63,47;CLI-02702
TX-104609;602;0;406,74;CLI-01969
TX-104610;341;0;112,89;CLI-00217
TX-104611;490;aprovada;238,00;CLI-00298
TX-104612;763;aprovada;746,41;CLI-01134
TX-104613;425;0;1.888,05;CLI-01223
TX-104614;381;0;799,94;CLI-00268
TX-104615;419;aprovada;64,32;CLI-00834
TX-104616;341;aprovada;446,84;CLI-02305
TX-104617;589;0;437,34;CLI-02477
TX-104618;724;aprovada;818,58;CLI-02363
TX-104619;376;0;833,62;CLI-01857
TX-104620;293;aprovada;305,63;CLI-02007
TX-104621;643;aprovada;383,46;CLI-00506
TX-104622;695;aprovada;871,49;CLI-02430
TX-104623;774;chargeback;215,07;CLI-00485
TX-104624;461;0;126,29;CLI-02087
TX-104625;348;aprovada;107,42;CLI-02232
TX-104626;679;aprovada;180,01;CLI-00136
TX-104627;400;aprovada;903,02;CLI-01769
TX-104628;345;aprovada;765,85;CLI-00373
TX-104629;455;aprovada;1.479,27;CLI-02592
TX-104630;404;0;367,34;CLI-01600
TX-104631;108;aprovada;3.592,94;CLI-02974
TX-104632;528;0;702,01;CLI-02610
TX-104633;388;0;403,32;CLI-01375
TX-104634;562;0;29,95;CLI-02486
TX-104635;753;0;231,64;CLI-00475
TX-104636;480;aprovada;499,98;CLI-02750
TX-104637;638;aprovada;1.212,31;CLI-02145
TX-104638;591;aprovada;436,39;CLI-00116
TX-104639;472;aprovada;590,43;CLI-00743
TX-104640;394;aprovada;766,63;CLI-01908
TX-104641;275;0;1.101,70;CLI-00953
TX-104642;714;aprovada;210,11;CLI-01753
TX-104643;686;0;417,12;CLI-02823
TX-104644;787;aprovada;202,78;CLI-00224
TX-104645;579;aprovada;637,82;CLI-00488
TX-104646;337;0;355,08;CLI-00566
TX-104647;598;0;163,74;CLI-00896
TX-104648;739;aprovada;428,66;CLI-01700
TX-104649;414;aprovada;169,31;CLI-02563
TX-104650;553;aprovada;1.101,42;CLI-01603
TX-104651;475;0;279,87;CLI-02559
TX-104652;448;aprovada;158,53;CLI-00136
TX-104653;586;0;1.376,19;CLI-01544
TX-104654;545;0;421,04;CLI-01742
TX-104655;665;aprovada;917,89;CLI-00827
TX-104656;430;aprovada;278,01;CLI-00955
TX-104657;204;aprovada;591,90;CLI-02144
TX-104658;519;0;364,98;CLI-01265
TX-104659;329;aprovada;633,32;CLI-00683
TX-104660;493;aprovada;1.605,45;CLI-01635
TX-104661;407;0;876,93;CLI-00644
TX-104662;365;0;1.501,64;CLI-02651
TX-104663;731;0;950,63;CLI-01326
TX-104664;894;0;363,48;CLI-01959
TX-104665;585;0;745,09;CLI-01421
TX-104666;398;0;226,69;CLI-02910
TX-104667;544;aprovada;483,29;CLI-02050
TX-104668;543;0;203,93;CLI-01028
TX-104669;488;0;627,23;CLI-01383
TX-104670;574;0;1.728,81;CLI-01414
TX-104671;724;0;250,57;CLI-02998
TX-104672;493;0;393,50;CLI-02498
TX-104673;189;0;556,83;CLI-01143
TX-104674;664;0;259,58;CLI-02637
TX-104675;545;0;254,75;CLI-03015
TX-104676;632;aprovada;1.122,50;CLI-02494
TX-104677;503;aprovada;226,09;CLI-00634
TX-104678;682;aprovada;254,40;CLI-01729
TX-104679;598;aprovada;266,88;CLI-00051
TX-104680;564;0;459,68;CLI-00723
TX-104681;244;aprovada;747,39;CLI-01137
TX-104682;532;0;165,36;CLI-01483
TX-104683;416;0;332,74;CLI-01668
TX-104684;800;1;312,56;CLI-02927
TX-104685;375;aprovada;373,67;CLI-00042
TX-104686;516;0;448,45;CLI-01316
TX-104687;408;0;423,59;CLI-02052
TX-104688;307;0;427,45;CLI-02142
TX-104689;372;aprovada;1.397,88;CLI-02468
TX-104690;294;aprovada;650,67;CLI-00201
TX-104691;383;0;288,72;CLI-01835
TX-104692;485;0;786,69;CLI-00400
TX-104693;742;aprovada;111,46;CLI-01517
TX-104694;603;0;422,50;CLI-01796
TX-104695;530;0;393,62;CLI-01922
TX-104696;617;aprovada;35,34;CLI-03008
TX-104697;491;0;148,79;CLI-01152
TX-104698;238;aprovada;432,49;CLI-01460
TX-104699;256;0;376,76;CLI-01330
TX-104700;630;aprovada;290,71;CLI-01425
TX-104701;338;0;812,85;CLI-00784
TX-104702;660;0;246,73;CLI-00938
TX-104703;586;aprovada;818,49;CLI-02165
TX-104704;498;aprovada;979,27;CLI-02486
TX-104705;441;aprovada;98,84;CLI-02846
TX-104706;289;aprovada;3.710,26;CLI-02576
TX-104707;454;aprovada;192,69;CLI-02025
TX-104708;568;0;1.082,00;CLI-02208
TX-104709;497;0;659,74;CLI-01606
TX-104710;583;0;256,60;CLI-03002
TX-104711;276;0;134,74;CLI-02152
TX-104712;572;aprovada;370,44;CLI-00847
TX-104713;470;0;448,34;CLI-00070
TX-104714;471;0;202,74;CLI-02360
TX-104715;483;0;791,50;CLI-00470
TX-104716;479;aprovada;354,49;CLI-02882
TX-104717;672;aprovada;1.576,54;CLI-02666
TX-104718;367;aprovada;39,40;CLI-00578
TX-104719;492;aprovada;413,78;CLI-01427
TX-104720;368;0;354,47;CLI-01128
TX-104721;448;0;274,79;CLI-00519
TX-104722;377;0;224,21;CLI-02006
TX-104723;544;0;57,13;CLI-00601
TX-104724;367;0;53,96;CLI-01620
TX-104725;463;0;127,28;CLI-01294
TX-104726;485;aprovada;208,64;CLI-01535
TX-104727;647;chargeback;150,51;CLI-00098
TX-104728;487;0;134,07;CLI-02749
TX-104729;635;0;86,48;CLI-01163
TX-104730;586;0;1.343,34;CLI-02963
TX-104731;421;0;187,89;CLI-00110
TX-104732;336;0;1.012,58;CLI-02494
TX-104733;504;0;392,62;CLI-02443
TX-104734;426;0;505,26;CLI-00579
TX-104735;498;0;111,77;CLI-00794
TX-104736;583;0;643,03;CLI-02909
TX-104737;356;0;180,75;CLI-02715
TX-104738;602;aprovada;315,84;CLI-01414
TX-104739;374;aprovada;71,96;CLI-02527
TX-104740;451;aprovada;556,63;CLI-00310
TX-104741;534;aprovada;1.507,25;CLI-00011
TX-104742;530;0;620,58;CLI-02903
TX-104743;604;aprovada;259,72;CLI-02792
TX-104744;551;0;735,34;CLI-01567
TX-104745;629;aprovada;538,78;CLI-00348
TX-104746;455;aprovada;1.335,73;CLI-00336
TX-104747;257;0;349,05;CLI-00606
TX-104748;548;aprovada;408,33;CLI-00846
TX-104749;257;0;100,49;CLI-00376
TX-104750;591;0;837,99;CLI-02301
TX-104751;440;0;1.396,60;CLI-02981
TX-104752;459;aprovada;407,34;CLI-00189
TX-104753;540;0;45,30;CLI-00076
TX-104754;636;aprovada;444,33;CLI-02095
TX-104755;335;aprovada;585,46;CLI-02605
TX-104756;286;0;757,97;CLI-00879
TX-104757;395;aprovada;294,60;CLI-00134
TX-104758;564;aprovada;447,49;CLI-01458
TX-104759;513;0;760,97;CLI-02006
TX-104760;854;0;561,51;CLI-01664
TX-104761;400;aprovada;3.350,61;CLI-00798
TX-104762;425;0;347,09;CLI-00704
TX-104763;462;aprovada;195,45;CLI-02049
TX-104764;748;0;317,53;CLI-02430
TX-104765;638;0;538,39;CLI-00898
TX-104766;501;aprovada;737,13;CLI-00391
TX-104767;453;0;188,93;CLI-02956
TX-104768;397;0;197,69;CLI-00980
TX-104769;597;aprovada;581,97;CLI-02734
TX-104770;827;0;489,88;CLI-00171
TX-104771;334;aprovada;348,38;CLI-01672
TX-104772;581;0;377,36;CLI-01986
TX-104773;488;aprovada;190,59;CLI-01379
TX-104774;527;1;1.393,03;CLI-01914
TX-104775;617;0;721,99;CLI-01212
TX-104776;495;aprovada;354,25;CLI-02027
TX-104777;481;0;453,26;CLI-00787
TX-104778;585;aprovada;282,38;CLI-01573
TX-104779;845;0;399,03;CLI-00993
TX-104780;363;0;1.023,00;CLI-00183
TX-104781;663;aprovada;658,69;CLI-02279
TX-104782;401;aprovada;82,96;CLI-00388
TX-104783;489;aprovada;197,87;CLI-00827
TX-104784;583;0;690,67;CLI-01005
TX-104785;495;0;337,07;CLI-00374
TX-104786;588;aprovada;790,45;CLI-01537
TX-104787;538;aprovada;175,91;CLI-02665
TX-104788;447;0;257,63;CLI-01690
TX-104789;463;0;144,32;CLI-02437
TX-104790;197;0;2.938,75;CLI-00297
TX-104791;422;aprovada;432,16;CLI-01252
TX-104792;693;0;197,50;CLI-02861
TX-104793;310;0;138,70;CLI-00627
TX-104794;325;aprovada;442,12;CLI-00611
TX-104795;397;0;532,35;CLI-00777
TX-104796;210;aprovada;223,24;CLI-01370
TX-104797;542;0;997,89;CLI-01474
TX-104798;792;aprovada;406,32;CLI-02159
TX-104799;380;aprovada;92,55;CLI-00685
TX-104800;568;0;127,20;CLI-00635
TX-104801;698;0;120,03;CLI-00799
TX-104802;700;1;815,62;CLI-00618
TX-104803;393;0;223,84;CLI-00109
TX-104804;609;0;2.077,10;CLI-01825
TX-104805;422;0;263,02;CLI-01664
TX-104806;416;0;467,52;CLI-01917
TX-104807;493;aprovada;259,75;CLI-02861
TX-104808;571;aprovada;145,12;CLI-01170
TX-104809;427;0;183,36;CLI-00781
TX-104810;730;aprovada;423,74;CLI-00306
TX-104811;613;0;1.259,13;CLI-02296
TX-104812;755;0;781,95;CLI-01426
TX-104813;256;0;900,82;CLI-00409
TX-104814;501;0;1.194,93;CLI-02556
TX-104815;511;0;394,83;CLI-02518
TX-104816;352;0;117,68;CLI-02954
TX-104817;524;0;1.871,02;CLI-02226
TX-104818;691;0;554,77;CLI-00494
TX-104819;704;aprovada;301,95;CLI-02950
TX-104820;523;aprovada;1.352,35;CLI-00106
TX-104821;578;aprovada;441,89;CLI-02588
TX-104822;399;0;481,04;CLI-01802
TX-104823;563;0;36,65;CLI-02547
TX-104824;553;0;388,23;CLI-02540
TX-104825;626;aprovada;260,99;CLI-02351
TX-104826;660;aprovada;344,33;CLI-02967
TX-104827;410;aprovada;404,87;CLI-00393
TX-104828;249;aprovada;276,04;CLI-00081
TX-104829;688;0;1.383,75;CLI-00037
TX-104830;358;0;2.343,40;CLI-02497
TX-104831;229;aprovada;337,21;CLI-01495
TX-104832;446;aprovada;153,09;CLI-00517
TX-104833;536;aprovada;638,29;CLI-02687
TX-104834;617;aprovada;329,63;CLI-02619
TX-104835;581;aprovada;851,10;CLI-00005
TX-104836;586;aprovada;378,39;CLI-00845
TX-104837;721;0;374,53;CLI-00221
TX-104838;465;aprovada;993,44;CLI-01173
TX-104839;645;0;159,51;CLI-01217
TX-104840;608;aprovada;140,77;CLI-02130
TX-104841;306;aprovada;747,67;CLI-00172
TX-104842;457;0;1.141,12;CLI-02257
TX-104843;437;aprovada;1.198,99;CLI-00942
TX-104844;483;aprovada;783,29;CLI-02532
TX-104845;834;aprovada;548,12;CLI-01521
TX-104846;633;aprovada;253,89;CLI-00396
TX-104847;381;0;194,18;CLI-01904
TX-104848;615;0;233,02;CLI-00851
TX-104849;420;aprovada;304,14;CLI-02234
TX-104850;719;0;628,94;CLI-01068
TX-104851;282;aprovada;447,99;CLI-02470
TX-104852;547;0;625,78;CLI-01838
TX-104853;549;0;1.563,38;CLI-01930
TX-104854;574;0;264,02;CLI-02143
TX-104855;598;aprovada;546,03;CLI-02979
TX-104856;516;0;173,32;CLI-00187
TX-104857;605;aprovada;470,55;CLI-00202
TX-104858;287;aprovada;439,61;CLI-01517
TX-104859;638;0;917,80;CLI-00571
TX-104860;316;aprovada;557,85;CLI-00909
TX-104861;249;0;1.137,65;CLI-02161
TX-104862;784;0;636,77;CLI-01761
TX-104863;411;0;228,56;CLI-00821
TX-104864;468;0;323,67;CLI-01358
TX-104865;594;aprovada;592,05;CLI-01297
TX-104866;656;aprovada;872,63;CLI-02899
TX-104867;620;aprovada;37,27;CLI-00581
TX-104868;370;aprovada;241,49;CLI-00820
TX-104869;517;0;216,68;CLI-00958
TX-104870;607;0;269,89;CLI-02078
TX-104871;603;0;64,11;CLI-02403
TX-104872;348;0;461,99;CLI-01207
TX-104873;572;aprovada;498,02;CLI-01812
TX-104874;454;aprovada;623,20;CLI-00531
TX-104875;1000;1;1.135,58;CLI-00942
TX-104876;550;0;730,58;CLI-02494
TX-104877;684;aprovada;238,22;CLI-02608
TX-104878;405;0;2.301,65;CLI-00618
TX-104879;529;0;363,20;CLI-01075
TX-104880;694;0;249,39;CLI-01174
TX-104881;518;aprovada;1.007,33;CLI-00765
TX-104882;499;0;567,07;CLI-01255
TX-104883;366;aprovada;276,32;CLI-02808
TX-104884;304;0;427,06;CLI-00972
TX-104885;761;0;859,58;CLI-00504
TX-104886;256;0;496,64;CLI-00777
TX-104887;520;0;99,67;CLI-02075
TX-104888;628;aprovada;217,15;CLI-01166
TX-104889;699;0;282,89;CLI-00790
TX-104890;471;aprovada;368,82;CLI-01974
TX-104891;468;aprovada;131,60;CLI-00825
TX-104892;503;aprovada;284,84;CLI-00373
TX-104893;334;0;1.352,69;CLI-00899
TX-104894;605;0;83,36;CLI-02432
TX-104895;481;0;968,24;CLI-00549
TX-104896;445;aprovada;863,15;CLI-01938
TX-104897;682;0;690,48;CLI-00827
TX-104898;611;aprovada;92,56;CLI-02438
TX-104899;609;0;739,09;CLI-01995
TX-104900;486;0;432,54;CLI-00314
TX-104901;415;aprovada;277,46;CLI-00554
TX-104902;244;aprovada;476,64;CLI-01783
TX-104903;653;aprovada;497,74;CLI-02637
TX-104904;472;0;323,63;CLI-01787
TX-104905;696;aprovada;107,80;CLI-01804
TX-104906;485;aprovada;632,21;CLI-01331
TX-104907;568;0;458,28;CLI-02587
TX-104908;317;aprovada;1.122,97;CLI-02501
TX-104909;509;0;249,87;CLI-00591
TX-104910;630;0;500,31;CLI-00826
TX-104911;224;0;379,84;CLI-00022
TX-104912;335;aprovada;138,31;CLI-02341
TX-104913;339;0;753,69;CLI-00282
TX-104914;359;0;733,30;CLI-02429
TX-104915;607;aprovada;205,60;CLI-02538
TX-104916;397;aprovada;303,40;CLI-01655
TX-104917;537;0;480,90;CLI-01885
TX-104918;382;aprovada;308,94;CLI-00598
TX-104919;557;aprovada;676,89;CLI-01163
TX-104920;445;0;385,21;CLI-00127
TX-104921;554;0;785,20;CLI-00474
TX-104922;619;aprovada;642,62;CLI-02925
TX-104923;395;0;944,03;CLI-02517
TX-104924;307;aprovada;158,95;CLI-00732
TX-104925;580;aprovada;138,07;CLI-00390
TX-104926;580;0;327,79;CLI-00808
TX-104927;424;0;98,24;CLI-00429
TX-104928;481;0;107,99;CLI-01937
TX-104929;468;0;885,27;CLI-02209
TX-104930;614;0;380,87;CLI-01487
TX-104931;333;0;3.626,18;CLI-02329
TX-104932;580;aprovada;114,34;CLI-00919
TX-104933;354;aprovada;347,54;CLI-01439
TX-104934;653;aprovada;294,74;CLI-02697
TX-104935;610;aprovada;414,73;CLI-01629
TX-104936;642;aprovada;853,92;CLI-00790
TX-104937;423;aprovada;567,55;CLI-00935
TX-104938;591;0;371,95;CLI-01313
TX-104939;693;aprovada;515,79;CLI-00961
TX-104940;427;aprovada;136,81;CLI-02589
TX-104941;683;aprovada;888,34;CLI-02662
TX-104942;636;0;330,04;CLI-02628
TX-104943;314;0;1.031,45;CLI-00120
TX-104944;462;0;884,68;CLI-00071
TX-104945;492;0;856,13;CLI-00703
TX-104946;489;aprovada;591,10;CLI-01228
TX-104947;597;aprovada;373,23;CLI-02120
TX-104948;319;aprovada;403,99;CLI-00734
TX-104949;400;aprovada;163,42;CLI-02450
TX-104950;354;0;103,01;CLI-01221
TX-104951;501;0;1.421,36;CLI-00068
TX-104952;824;aprovada;1.583,32;CLI-00564
TX-104953;541;aprovada;236,87;CLI-00782
TX-104954;405;aprovada;155,84;CLI-01944
TX-104955;463;aprovada;244,39;CLI-01673
TX-104956;458;0;542,73;CLI-00030
TX-104957;588;aprovada;1.177,29;CLI-02007
TX-104958;599;aprovada;417,01;CLI-01917
TX-104959;436;0;215,46;CLI-00212
TX-104960;730;0;677,64;CLI-01313
TX-104961;635;0;1.986,36;CLI-01554
TX-104962;414;aprovada;820,48;CLI-00302
TX-104963;424;0;497,10;CLI-00505
TX-104964;151;0;4.233,44;CLI-00893
TX-104965;527;aprovada;462,18;CLI-00143
TX-104966;443;aprovada;126,85;CLI-02766
TX-104967;389;0;293,59;CLI-00009
TX-104968;635;0;181,57;CLI-02988
TX-104969;509;0;124,26;CLI-01429
TX-104970;293;aprovada;104,50;CLI-02158
TX-104971;663;aprovada;920,43;CLI-01029
TX-104972;580;aprovada;2.364,95;CLI-02028
TX-104973;932;0;300,91;CLI-00702
TX-104974;814;1;1.408,06;CLI-01617
TX-104975;418;aprovada;660,43;CLI-02371
TX-104976;525;aprovada;969,85;CLI-02554
TX-104977;376;aprovada;137,90;CLI-02250
TX-104978;590;aprovada;417,53;CLI-00817
TX-104979;934;1;704,20;CLI-00879
TX-104980;472;aprovada;233,70;CLI-02149
TX-104981;504;0;580,06;CLI-00669
TX-104982;557;aprovada;842,50;CLI-02522
TX-104983;419;aprovada;1.061,52;CLI-02758
TX-104984;287;0;359,25;CLI-01509
TX-104985;353;0;134,05;CLI-02066
TX-104986;488;aprovada;984,67;CLI-00186
TX-104987;449;0;523,63;CLI-00154
TX-104988;559;0;125,09;CLI-02096
TX-104989;217;0;605,54;CLI-01114
TX-104990;451;aprovada;730,50;CLI-02866
TX-104991;443;0;431,48;CLI-00828
TX-104992;533;aprovada;309,40;CLI-01693
TX-104993;452;aprovada;585,21;CLI-02252
TX-104994;277;0;183,76;CLI-00888
TX-104995;584;0;489,98;CLI-00540
TX-104996;203;0;115,27;CLI-00793
TX-104997;621;aprovada;284,79;CLI-01913
TX-104998;367;0;796,07;CLI-02992
TX-104999;295;0;494,75;CLI-00943
TX-105000;340;0;313,43;CLI-00592
TX-105001;428;aprovada;337,62;CLI-01859
TX-105002;612;0;279,91;CLI-02343
TX-105003;490;0;97,44;CLI-01966
TX-105004;468;aprovada;206,07;CLI-01361
TX-105005;485;aprovada;152,99;CLI-00513
TX-105006;192;0;217,54;CLI-01756
TX-105007;505;aprovada;697,80;CLI-00504
TX-105008;549;0;246,36;CLI-02477
TX-105009;583;0;360,83;CLI-01179
TX-105010;528;aprovada;439,90;CLI-00773
TX-105011;581;aprovada;479,81;CLI-02842
TX-105012;599;aprovada;200,22;CLI-01472
TX-105013;519;0;595,82;CLI-00032
TX-105014;671;aprovada;380,85;CLI-02842
TX-105015;596;aprovada;428,59;CLI-01586
TX-105016;350;0;746,49;CLI-02932
TX-105017;407;aprovada;318,48;CLI-02546
TX-105018;623;aprovada;317,50;CLI-00746
TX-105019;432;aprovada;768,90;CLI-01908
TX-105020;338;aprovada;1.308,91;CLI-02230
TX-105021;297;aprovada;632,23;CLI-00766
TX-105022;559;aprovada;326,53;CLI-01490
TX-105023;688;0;1.210,87;CLI-02699
TX-105024;348;0;835,90;CLI-01534
TX-105025;473;0;336,68;CLI-01047
TX-105026;465;0;880,97;CLI-00231
TX-105027;664;0;137,92;CLI-00923
TX-105028;563;aprovada;865,42;CLI-00861
TX-105029;420;aprovada;110,46;CLI-02933
TX-105030;508;0;250,17;CLI-01842
TX-105031;644;aprovada;814,78;CLI-02274
TX-105032;335;0;387,72;CLI-02896
TX-105033;473;0;304,33;CLI-02706
TX-105034;410;aprovada;1.324,10;CLI-02835
TX-105035;516;aprovada;279,99;CLI-00822
TX-105036;410;aprovada;444,53;CLI-02396
TX-105037;402;0;1.220,74;CLI-00756
TX-105038;754;aprovada;114,36;CLI-02257
TX-105039;593;0;268,05;CLI-02055
TX-105040;508;0;527,40;CLI-02530
TX-105041;610;aprovada;438,68;CLI-00488
TX-105042;439;0;1.495,81;CLI-00134
TX-105043;702;aprovada;2.565,99;CLI-00876
TX-105044;489;aprovada;1.243,42;CLI-01411
TX-105045;356;aprovada;882,13;CLI-01029
TX-105046;154;aprovada;181,53;CLI-01146
TX-105047;508;0;539,60;CLI-01598
TX-105048;600;0;1.089,26;CLI-02400
TX-105049;495;0;598,26;CLI-00776
TX-105050;523;0;793,53;CLI-02114
TX-105051;524;aprovada;381,41;CLI-02781
TX-105052;549;0;808,72;CLI-02935
TX-105053;464;0;801,86;CLI-01301
TX-105054;411;aprovada;116,13;CLI-01579
TX-105055;755;aprovada;607,32;CLI-02952
TX-105056;639;aprovada;304,47;CLI-01756
TX-105057;490;chargeback;936,43;CLI-02303
TX-105058;668;aprovada;1.374,70;CLI-00317
TX-105059;754;aprovada;272,36;CLI-01370
TX-105060;736;aprovada;614,84;CLI-00967
TX-105061;433;aprovada;1.054,49;CLI-00973
TX-105062;519;0;382,31;CLI-02589
TX-105063;354;0;357,82;CLI-02599
TX-105064;386;aprovada;1.291,15;CLI-02361
TX-105065;611;aprovada;376,56;CLI-00352
TX-105066;361;aprovada;1.036,67;CLI-00490
TX-105067;337;aprovada;577,13;CLI-01696
TX-105068;534;aprovada;142,29;CLI-02233
TX-105069;685;0;342,24;CLI-00308
TX-105070;668;aprovada;1.243,67;CLI-02924
TX-105071;587;aprovada;246,10;CLI-02297
TX-105072;366;aprovada;246,67;CLI-00761
TX-105073;636;aprovada;374,32;CLI-01771
TX-105074;619;aprovada;168,39;CLI-02778
TX-105075;566;aprovada;1.762,15;CLI-01658
TX-105076;778;aprovada;1.115,43;CLI-00769
TX-105077;332;aprovada;201,50;CLI-02549
TX-105078;601;aprovada;392,43;CLI-02032
TX-105079;475;0;4.961,54;CLI-00353
TX-105080;550;0;1.418,26;CLI-02154
TX-105081;681;0;77,50;CLI-00730
TX-105082;615;aprovada;70,44;CLI-03007
TX-105083;320;0;340,00;CLI-01241
TX-105084;441;aprovada;324,43;CLI-00866
TX-105085;809;aprovada;583,04;CLI-00227
TX-105086;735;aprovada;82,48;CLI-02255
TX-105087;484;aprovada;467,02;CLI-00730
TX-105088;529;aprovada;1.312,83;CLI-01050
TX-105089;826;aprovada;205,65;CLI-00588
TX-105090;446;0;358,91;CLI-03002
TX-105091;443;aprovada;90,84;CLI-02171
TX-105092;469;0;1.925,08;CLI-02134
TX-105093;431;0;161,93;CLI-01231
TX-105094;293;aprovada;116,91;CLI-01916
TX-105095;546;0;319,90;CLI-02841
TX-105096;336;0;171,85;CLI-01208
TX-105097;603;0;294,24;CLI-02451
TX-105098;295;0;240,11;CLI-00938
TX-105099;576;0;755,79;CLI-00524
TX-105100;623;0;4.616,04;CLI-01660
TX-105101;442;0;449,34;CLI-02647
TX-105102;407;0;126,03;CLI-02113
TX-105103;651;0;986,65;CLI-01471
TX-105104;389;0;952,75;CLI-01285
TX-105105;650;aprovada;276,18;CLI-02960
TX-105106;322;aprovada;1.424,96;CLI-02831
TX-105107;318;0;753,02;CLI-03014
TX-105108;703;0;1.406,86;CLI-02126
TX-105109;460;0;359,59;CLI-01413
TX-105110;325;0;236,05;CLI-02548
TX-105111;483;aprovada;299,53;CLI-01506
TX-105112;365;0;883,12;CLI-01672
TX-105113;808;0;885,23;CLI-01018
TX-105114;371;0;726,87;CLI-01153
TX-105115;304;aprovada;234,06;CLI-02709
TX-105116;606;0;269,37;CLI-00177
TX-105117;616;aprovada;1.106,74;CLI-02175
TX-105118;444;0;796,30;CLI-00870
TX-105119;599;0;108,46;CLI-01237
TX-105120;703;0;573,85;CLI-03005
TX-105121;678;aprovada;237,54;CLI-02618
TX-105122;115;aprovada;275,17;CLI-00808
TX-105123;467;0;526,52;CLI-02963
TX-105124;642;0;230,81;CLI-01057
TX-105125;445;0;215,22;CLI-01528
TX-105126;801;0;337,86;CLI-00935
TX-105127;505;aprovada;423,18;CLI-02976
TX-105128;604;0;162,09;CLI-01625
TX-105129;375;0;561,83;CLI-01650
TX-105130;395;aprovada;478,73;CLI-00772
TX-105131;411;aprovada;482,93;CLI-01379
TX-105132;676;aprovada;875,96;CLI-01149
TX-105133;541;0;290,11;CLI-01505
TX-105134;677;aprovada;476,30;CLI-00501
TX-105135;660;0;850,88;CLI-00728
TX-105136;510;aprovada;578,38;CLI-00480
TX-105137;135;aprovada;204,37;CLI-01378
TX-105138;440;0;239,07;CLI-00790
TX-105139;782;0;1.167,30;CLI-01016
TX-105140;378;aprovada;504,19;CLI-02336
TX-105141;430;aprovada;303,29;CLI-00987
TX-105142;463;aprovada;1.192,41;CLI-00047
TX-105143;425;aprovada;548,60;CLI-00037
TX-105144;498;aprovada;269,73;CLI-00630
TX-105145;522;0;154,63;CLI-00119
TX-105146;331;0;227,48;CLI-01512
TX-105147;552;aprovada;176,95;CLI-01671
TX-105148;402;aprovada;688,90;CLI-02716
TX-105149;634;0;1.453,44;CLI-00080
TX-105150;357;aprovada;526,26;CLI-00362
TX-105151;564;0;139,06;CLI-02278
TX-105152;629;aprovada;689,53;CLI-00882
TX-105153;622;aprovada;247,54;CLI-02772
TX-105154;427;0;777,34;CLI-01550
TX-105155;717;aprovada;315,28;CLI-02165
TX-105156;447;0;255,55;CLI-02400
TX-105157;389;0;165,68;CLI-00566
TX-105158;478;aprovada;410,48;CLI-00328
TX-105159;539;aprovada;230,60;CLI-02240
TX-105160;341;0;661,57;CLI-00038
TX-105161;472;0;142,65;CLI-02443
TX-105162;323;aprovada;562,88;CLI-02091
TX-105163;685;0;167,08;CLI-00390
TX-105164;531;aprovada;134,67;CLI-01800
TX-105165;407;0;700,11;CLI-02042
TX-105166;569;0;614,41;CLI-00022
TX-105167;499;0;362,44;CLI-01413
TX-105168;763;aprovada;100,31;CLI-00850
TX-105169;770;0;587,47;CLI-00144
TX-105170;466;0;295,04;CLI-00862
TX-105171;458;0;121,56;CLI-00049
TX-105172;563;aprovada;339,78;CLI-01027
TX-105173;541;0;507,88;CLI-02580
TX-105174;541;aprovada;310,81;CLI-00353
TX-105175;688;aprovada;179,02;CLI-00921
TX-105176;414;aprovada;1.167,61;CLI-01133
TX-105177;643;0;121,04;CLI-02527
TX-105178;687;aprovada;190,88;CLI-00065
TX-105179;323;aprovada;528,76;CLI-02045
TX-105180;283;aprovada;175,27;CLI-01124
TX-105181;439;0;483,21;CLI-00416
TX-105182;622;0;62,17;CLI-00869
TX-105183;480;aprovada;348,70;CLI-00866
TX-105184;267;0;259,80;CLI-02038
TX-105185;525;0;62,63;CLI-00347
TX-105186;538;0;308,17;CLI-01276
TX-105187;522;aprovada;99,93;CLI-00413
TX-105188;635;0;683,36;CLI-02546
TX-105189;342;0;450,68;CLI-01368
TX-105190;572;aprovada;457,50;CLI-02696
TX-105191;528;aprovada;1.313,94;CLI-02496
TX-105192;379;0;306,21;CLI-00455
TX-105193;696;0;87,28;CLI-00121
TX-105194;497;0;226,70;CLI-01192
TX-105195;539;0;200,04;CLI-01671
TX-105196;589;0;97,51;CLI-01221
TX-105197;525;aprovada;549,56;CLI-02549
TX-105198;418;aprovada;2.165,54;CLI-01532
TX-105199;233;aprovada;145,67;CLI-00303
